system,target,forecast_origin,quarter,component,contribution
System A,cpi_yoy,2025Q4,1995Q4,baseline,4.619149935222556
System A,cpi_yoy,2025Q4,1995Q4,commodity_growth,0.015463895786086456
System A,cpi_yoy,2025Q4,1995Q4,unemployment_rate,-0.05338489769636937
System A,cpi_yoy,2025Q4,1995Q4,cpi_yoy,0.3187710666877286
System A,cpi_yoy,2025Q4,1995Q4,inflation_expectations_business,0.0
System A,cpi_yoy,2025Q4,1995Q4,cash_rate,0.0
System A,cpi_yoy,2025Q4,1996Q1,baseline,3.9769879713688727
System A,cpi_yoy,2025Q4,1996Q1,commodity_growth,0.0639398623334615
System A,cpi_yoy,2025Q4,1996Q1,unemployment_rate,-0.07704820349550685
System A,cpi_yoy,2025Q4,1996Q1,cpi_yoy,-0.042773227135384506
System A,cpi_yoy,2025Q4,1996Q1,inflation_expectations_business,-0.2190652701986003
System A,cpi_yoy,2025Q4,1996Q1,cash_rate,0.09795886712715952
System A,cpi_yoy,2025Q4,1996Q2,baseline,3.355933128882522
System A,cpi_yoy,2025Q4,1996Q2,commodity_growth,0.03282045365243293
System A,cpi_yoy,2025Q4,1996Q2,unemployment_rate,-0.1292793743390552
System A,cpi_yoy,2025Q4,1996Q2,cpi_yoy,-0.022944209880803507
System A,cpi_yoy,2025Q4,1996Q2,inflation_expectations_business,-0.3831777519225014
System A,cpi_yoy,2025Q4,1996Q2,cash_rate,0.24664775360740765
System A,cpi_yoy,2025Q4,1996Q3,baseline,2.828906005373849
System A,cpi_yoy,2025Q4,1996Q3,commodity_growth,0.054654974013970195
System A,cpi_yoy,2025Q4,1996Q3,unemployment_rate,-0.3841968691324462
System A,cpi_yoy,2025Q4,1996Q3,cpi_yoy,-0.41685113494570175
System A,cpi_yoy,2025Q4,1996Q3,inflation_expectations_business,-0.3566800213328997
System A,cpi_yoy,2025Q4,1996Q3,cash_rate,0.37416704602322637
System A,cpi_yoy,2025Q4,1996Q4,baseline,2.4070963399371372
System A,cpi_yoy,2025Q4,1996Q4,commodity_growth,0.0578212279549621
System A,cpi_yoy,2025Q4,1996Q4,unemployment_rate,-0.43364557367886325
System A,cpi_yoy,2025Q4,1996Q4,cpi_yoy,-0.28562846885271465
System A,cpi_yoy,2025Q4,1996Q4,inflation_expectations_business,-0.1941776679757727
System A,cpi_yoy,2025Q4,1996Q4,cash_rate,0.1485341426152486
System A,cpi_yoy,2025Q4,1997Q1,baseline,2.09063020938983
System A,cpi_yoy,2025Q4,1997Q1,commodity_growth,0.16623267012529006
System A,cpi_yoy,2025Q4,1997Q1,unemployment_rate,-0.5560464461896504
System A,cpi_yoy,2025Q4,1997Q1,cpi_yoy,-0.3787819016109387
System A,cpi_yoy,2025Q4,1997Q1,inflation_expectations_business,-0.06845569280945585
System A,cpi_yoy,2025Q4,1997Q1,cash_rate,-0.053578838905078335
System A,cpi_yoy,2025Q4,1997Q2,baseline,1.86141230920639
System A,cpi_yoy,2025Q4,1997Q2,commodity_growth,0.19909773372475414
System A,cpi_yoy,2025Q4,1997Q2,unemployment_rate,-0.5907682817411793
System A,cpi_yoy,2025Q4,1997Q2,cpi_yoy,-1.1307048296407878
System A,cpi_yoy,2025Q4,1997Q2,inflation_expectations_business,0.2523029561606628
System A,cpi_yoy,2025Q4,1997Q2,cash_rate,-0.2913398877098445
System A,cpi_yoy,2025Q4,1997Q3,baseline,1.7036353055460518
System A,cpi_yoy,2025Q4,1997Q3,commodity_growth,0.27131854813834266
System A,cpi_yoy,2025Q4,1997Q3,unemployment_rate,-0.6462227331403769
System A,cpi_yoy,2025Q4,1997Q3,cpi_yoy,-1.8256603716333988
System A,cpi_yoy,2025Q4,1997Q3,inflation_expectations_business,0.593864009240562
System A,cpi_yoy,2025Q4,1997Q3,cash_rate,-0.39693475815118506
System A,cpi_yoy,2025Q4,1997Q4,baseline,1.6010974347585822
System A,cpi_yoy,2025Q4,1997Q4,commodity_growth,0.31142782018416576
System A,cpi_yoy,2025Q4,1997Q4,unemployment_rate,-0.4277568795853147
System A,cpi_yoy,2025Q4,1997Q4,cpi_yoy,-1.9627961824861877
System A,cpi_yoy,2025Q4,1997Q4,inflation_expectations_business,0.7845612625964193
System A,cpi_yoy,2025Q4,1997Q4,cash_rate,-0.6065334554676687
System A,cpi_yoy,2025Q4,1998Q1,baseline,1.54227555974429
System A,cpi_yoy,2025Q4,1998Q1,commodity_growth,0.10987552993754694
System A,cpi_yoy,2025Q4,1998Q1,unemployment_rate,-0.4823662835903074
System A,cpi_yoy,2025Q4,1998Q1,cpi_yoy,-1.8593414005009685
System A,cpi_yoy,2025Q4,1998Q1,inflation_expectations_business,0.8771883363077427
System A,cpi_yoy,2025Q4,1998Q1,cash_rate,-0.28763174189830903
System A,cpi_yoy,2025Q4,1998Q2,baseline,1.5175766863988693
System A,cpi_yoy,2025Q4,1998Q2,commodity_growth,0.04928525412884457
System A,cpi_yoy,2025Q4,1998Q2,unemployment_rate,-0.5755458658936402
System A,cpi_yoy,2025Q4,1998Q2,cpi_yoy,-1.3216886435433468
System A,cpi_yoy,2025Q4,1998Q2,inflation_expectations_business,1.1484886210164806
System A,cpi_yoy,2025Q4,1998Q2,cash_rate,-0.11811605210721136
System A,cpi_yoy,2025Q4,1998Q3,baseline,1.5200226451346808
System A,cpi_yoy,2025Q4,1998Q3,commodity_growth,-0.19031163320391367
System A,cpi_yoy,2025Q4,1998Q3,unemployment_rate,-0.7239300456312777
System A,cpi_yoy,2025Q4,1998Q3,cpi_yoy,-0.5438778922649594
System A,cpi_yoy,2025Q4,1998Q3,inflation_expectations_business,1.1991735447202296
System A,cpi_yoy,2025Q4,1998Q3,cash_rate,0.03892338124523785
System A,cpi_yoy,2025Q4,1998Q4,baseline,1.5437309240784094
System A,cpi_yoy,2025Q4,1998Q4,commodity_growth,-0.37836740660932644
System A,cpi_yoy,2025Q4,1998Q4,unemployment_rate,-0.5652888235037031
System A,cpi_yoy,2025Q4,1998Q4,cpi_yoy,-0.34131695108670534
System A,cpi_yoy,2025Q4,1998Q4,inflation_expectations_business,1.0788779258419978
System A,cpi_yoy,2025Q4,1998Q4,cash_rate,0.16236433127932576
System A,cpi_yoy,2025Q4,1999Q1,baseline,1.583958529754157
System A,cpi_yoy,2025Q4,1999Q1,commodity_growth,-0.43389932173491896
System A,cpi_yoy,2025Q4,1999Q1,unemployment_rate,-0.43351802317193244
System A,cpi_yoy,2025Q4,1999Q1,cpi_yoy,-0.31496769515619516
System A,cpi_yoy,2025Q4,1999Q1,inflation_expectations_business,0.7200274290647305
System A,cpi_yoy,2025Q4,1999Q1,cash_rate,0.07839908124415723
System A,cpi_yoy,2025Q4,1999Q2,baseline,1.636553347005922
System A,cpi_yoy,2025Q4,1999Q2,commodity_growth,-0.5219925968046764
System A,cpi_yoy,2025Q4,1999Q2,unemployment_rate,-0.2206263566231622
System A,cpi_yoy,2025Q4,1999Q2,cpi_yoy,-0.11127732695141385
System A,cpi_yoy,2025Q4,1999Q2,inflation_expectations_business,0.25517619239754785
System A,cpi_yoy,2025Q4,1999Q2,cash_rate,-0.03783325902421787
System A,cpi_yoy,2025Q4,1999Q3,baseline,1.6980142082503793
System A,cpi_yoy,2025Q4,1999Q3,commodity_growth,-0.32016427264480646
System A,cpi_yoy,2025Q4,1999Q3,unemployment_rate,-0.14056512396684984
System A,cpi_yoy,2025Q4,1999Q3,cpi_yoy,0.5218041813175415
System A,cpi_yoy,2025Q4,1999Q3,inflation_expectations_business,-0.10519480430925514
System A,cpi_yoy,2025Q4,1999Q3,cash_rate,-0.053894188647006985
System A,cpi_yoy,2025Q4,1999Q4,baseline,1.7653355571350007
System A,cpi_yoy,2025Q4,1999Q4,commodity_growth,-0.20436748077310987
System A,cpi_yoy,2025Q4,1999Q4,unemployment_rate,0.09854785135241195
System A,cpi_yoy,2025Q4,1999Q4,cpi_yoy,0.4919251421300343
System A,cpi_yoy,2025Q4,1999Q4,inflation_expectations_business,-0.31962441928468477
System A,cpi_yoy,2025Q4,1999Q4,cash_rate,-0.03181665055964979
System A,cpi_yoy,2025Q4,2000Q1,baseline,1.8360374399412223
System A,cpi_yoy,2025Q4,2000Q1,commodity_growth,-0.02159577751060881
System A,cpi_yoy,2025Q4,2000Q1,unemployment_rate,0.02553735778950556
System A,cpi_yoy,2025Q4,2000Q1,cpi_yoy,1.3177215626343024
System A,cpi_yoy,2025Q4,2000Q1,inflation_expectations_business,-0.45579092238955576
System A,cpi_yoy,2025Q4,2000Q1,cash_rate,0.0980903395351374
System A,cpi_yoy,2025Q4,2000Q2,baseline,1.908092871412289
System A,cpi_yoy,2025Q4,2000Q2,commodity_growth,0.07851444785667101
System A,cpi_yoy,2025Q4,2000Q2,unemployment_rate,0.13911849744322005
System A,cpi_yoy,2025Q4,2000Q2,cpi_yoy,0.8782962607104144
System A,cpi_yoy,2025Q4,2000Q2,inflation_expectations_business,-0.3191840364475913
System A,cpi_yoy,2025Q4,2000Q2,cash_rate,0.4151619590249999
System A,cpi_yoy,2025Q4,2000Q3,baseline,1.97990403143739
System A,cpi_yoy,2025Q4,2000Q3,commodity_growth,0.01930841735046323
System A,cpi_yoy,2025Q4,2000Q3,unemployment_rate,0.07550990870375006
System A,cpi_yoy,2025Q4,2000Q3,cpi_yoy,2.970398737298037
System A,cpi_yoy,2025Q4,2000Q3,inflation_expectations_business,0.4765884768800486
System A,cpi_yoy,2025Q4,2000Q3,cash_rate,0.5782904283303149
System A,cpi_yoy,2025Q4,2000Q4,baseline,2.050236478673825
System A,cpi_yoy,2025Q4,2000Q4,commodity_growth,0.010228527247301285
System A,cpi_yoy,2025Q4,2000Q4,unemployment_rate,-0.025086300251098773
System A,cpi_yoy,2025Q4,2000Q4,cpi_yoy,2.689967619238146
System A,cpi_yoy,2025Q4,2000Q4,inflation_expectations_business,0.6001392810874088
System A,cpi_yoy,2025Q4,2000Q4,cash_rate,0.4745143940044211
System A,cpi_yoy,2025Q4,2001Q1,baseline,2.1181718387860364
System A,cpi_yoy,2025Q4,2001Q1,commodity_growth,-0.08853025198738106
System A,cpi_yoy,2025Q4,2001Q1,unemployment_rate,-0.1299589663638764
System A,cpi_yoy,2025Q4,2001Q1,cpi_yoy,3.1331946705863603
System A,cpi_yoy,2025Q4,2001Q1,inflation_expectations_business,0.5893322200854686
System A,cpi_yoy,2025Q4,2001Q1,cash_rate,0.37779048889339434
System A,cpi_yoy,2025Q4,2001Q2,baseline,2.1830506012294473
System A,cpi_yoy,2025Q4,2001Q2,commodity_growth,0.11851399795807233
System A,cpi_yoy,2025Q4,2001Q2,unemployment_rate,-0.3461368362463561
System A,cpi_yoy,2025Q4,2001Q2,cpi_yoy,3.899993531920343
System A,cpi_yoy,2025Q4,2001Q2,inflation_expectations_business,0.23994048792771763
System A,cpi_yoy,2025Q4,2001Q2,cash_rate,0.004638217210777333
System A,cpi_yoy,2025Q4,2001Q3,baseline,2.2444272688335185
System A,cpi_yoy,2025Q4,2001Q3,commodity_growth,0.19007415971112948
System A,cpi_yoy,2025Q4,2001Q3,unemployment_rate,-0.2120161613347731
System A,cpi_yoy,2025Q4,2001Q3,cpi_yoy,0.6956565203193763
System A,cpi_yoy,2025Q4,2001Q3,inflation_expectations_business,0.08453582334797691
System A,cpi_yoy,2025Q4,2001Q3,cash_rate,-0.5026776108772232
System A,cpi_yoy,2025Q4,2001Q4,baseline,2.302027436463392
System A,cpi_yoy,2025Q4,2001Q4,commodity_growth,0.325227136846076
System A,cpi_yoy,2025Q4,2001Q4,unemployment_rate,-0.27637027085546284
System A,cpi_yoy,2025Q4,2001Q4,cpi_yoy,1.112610037534292
System A,cpi_yoy,2025Q4,2001Q4,inflation_expectations_business,0.016625874414851957
System A,cpi_yoy,2025Q4,2001Q4,cash_rate,-0.38012021440314325
System A,cpi_yoy,2025Q4,2002Q1,baseline,2.355713658995485
System A,cpi_yoy,2025Q4,2002Q1,commodity_growth,0.29347904803375174
System A,cpi_yoy,2025Q4,2002Q1,unemployment_rate,0.09492673222712832
System A,cpi_yoy,2025Q4,2002Q1,cpi_yoy,0.8283653943034794
System A,cpi_yoy,2025Q4,2002Q1,inflation_expectations_business,-0.20127750245240456
System A,cpi_yoy,2025Q4,2002Q1,cash_rate,-0.37120733110743526
System A,cpi_yoy,2025Q4,2002Q2,baseline,2.405455470343477
System A,cpi_yoy,2025Q4,2002Q2,commodity_growth,0.006187077077230231
System A,cpi_yoy,2025Q4,2002Q2,unemployment_rate,0.3665858291566377
System A,cpi_yoy,2025Q4,2002Q2,cpi_yoy,0.6477823186129446
System A,cpi_yoy,2025Q4,2002Q2,inflation_expectations_business,-0.37139459889397275
System A,cpi_yoy,2025Q4,2002Q2,cash_rate,-0.25461609629631143
System A,cpi_yoy,2025Q4,2002Q3,baseline,2.4513051971498085
System A,cpi_yoy,2025Q4,2002Q3,commodity_growth,-0.08200415836259825
System A,cpi_yoy,2025Q4,2002Q3,unemployment_rate,0.4947351838654933
System A,cpi_yoy,2025Q4,2002Q3,cpi_yoy,0.763363960799928
System A,cpi_yoy,2025Q4,2002Q3,inflation_expectations_business,-0.3546052392601892
System A,cpi_yoy,2025Q4,2002Q3,cash_rate,0.027205055807560687
System A,cpi_yoy,2025Q4,2002Q4,baseline,2.4933773927717358
System A,cpi_yoy,2025Q4,2002Q4,commodity_growth,-0.2721117005018209
System A,cpi_yoy,2025Q4,2002Q4,unemployment_rate,0.6461020335400698
System A,cpi_yoy,2025Q4,2002Q4,cpi_yoy,0.33330917412978744
System A,cpi_yoy,2025Q4,2002Q4,inflation_expectations_business,-0.33087869546181714
System A,cpi_yoy,2025Q4,2002Q4,cash_rate,0.23020179552204711
System A,cpi_yoy,2025Q4,2003Q1,baseline,2.5318321017015437
System A,cpi_yoy,2025Q4,2003Q1,commodity_growth,-0.3282291225306283
System A,cpi_yoy,2025Q4,2003Q1,unemployment_rate,0.7363964009420284
System A,cpi_yoy,2025Q4,2003Q1,cpi_yoy,0.6952103295302199
System A,cpi_yoy,2025Q4,2003Q1,inflation_expectations_business,-0.46872983036416893
System A,cpi_yoy,2025Q4,2003Q1,cash_rate,0.23352012072100733
System A,cpi_yoy,2025Q4,2003Q2,baseline,2.5668609294740925
System A,cpi_yoy,2025Q4,2003Q2,commodity_growth,-0.5238275083749842
System A,cpi_yoy,2025Q4,2003Q2,unemployment_rate,0.686526398231887
System A,cpi_yoy,2025Q4,2003Q2,cpi_yoy,0.18365215304561533
System A,cpi_yoy,2025Q4,2003Q2,inflation_expectations_business,-0.5108776799410257
System A,cpi_yoy,2025Q4,2003Q2,cash_rate,0.19766570756441731
System A,cpi_yoy,2025Q4,2003Q3,baseline,2.598675788424184
System A,cpi_yoy,2025Q4,2003Q3,commodity_growth,-0.3909104701666833
System A,cpi_yoy,2025Q4,2003Q3,unemployment_rate,0.7297207545268494
System A,cpi_yoy,2025Q4,2003Q3,cpi_yoy,0.04754945266440912
System A,cpi_yoy,2025Q4,2003Q3,inflation_expectations_business,-0.5662944705324504
System A,cpi_yoy,2025Q4,2003Q3,cash_rate,0.08125894508369386
System A,cpi_yoy,2025Q4,2003Q4,baseline,2.6274997814420757
System A,cpi_yoy,2025Q4,2003Q4,commodity_growth,-0.4505285007293614
System A,cpi_yoy,2025Q4,2003Q4,unemployment_rate,0.7998839584311483
System A,cpi_yoy,2025Q4,2003Q4,cpi_yoy,0.03928785896776993
System A,cpi_yoy,2025Q4,2003Q4,inflation_expectations_business,-0.6261235484672806
System A,cpi_yoy,2025Q4,2003Q4,cash_rate,0.009980450355650167
System A,cpi_yoy,2025Q4,2004Q1,baseline,2.6535600141745
System A,cpi_yoy,2025Q4,2004Q1,commodity_growth,-0.2560456485136269
System A,cpi_yoy,2025Q4,2004Q1,unemployment_rate,0.8342341055173289
System A,cpi_yoy,2025Q4,2004Q1,cpi_yoy,-0.6733169652390533
System A,cpi_yoy,2025Q4,2004Q1,inflation_expectations_business,-0.75613508438857
System A,cpi_yoy,2025Q4,2004Q1,cash_rate,0.09770357844942174
System A,cpi_yoy,2025Q4,2004Q2,baseline,2.677081993127296
System A,cpi_yoy,2025Q4,2004Q2,commodity_growth,0.0687360360585773
System A,cpi_yoy,2025Q4,2004Q2,unemployment_rate,0.7985912103672643
System A,cpi_yoy,2025Q4,2004Q2,cpi_yoy,-0.40087920488696016
System A,cpi_yoy,2025Q4,2004Q2,inflation_expectations_business,-0.9120599031858038
System A,cpi_yoy,2025Q4,2004Q2,cash_rate,0.2685298685196272
System A,cpi_yoy,2025Q4,2004Q3,baseline,2.6982853948268275
System A,cpi_yoy,2025Q4,2004Q3,commodity_growth,0.09377645586895687
System A,cpi_yoy,2025Q4,2004Q3,unemployment_rate,0.6418434921867001
System A,cpi_yoy,2025Q4,2004Q3,cpi_yoy,-0.6331424285424865
System A,cpi_yoy,2025Q4,2004Q3,inflation_expectations_business,-0.7938744984265587
System A,cpi_yoy,2025Q4,2004Q3,cash_rate,0.29311158408656013
System A,cpi_yoy,2025Q4,2004Q4,baseline,2.7173809588803812
System A,cpi_yoy,2025Q4,2004Q4,commodity_growth,0.12390255982147783
System A,cpi_yoy,2025Q4,2004Q4,unemployment_rate,0.7651532520650067
System A,cpi_yoy,2025Q4,2004Q4,cpi_yoy,-0.7738021774497674
System A,cpi_yoy,2025Q4,2004Q4,inflation_expectations_business,-0.5148668866257631
System A,cpi_yoy,2025Q4,2004Q4,cash_rate,0.28223229330866567
System A,cpi_yoy,2025Q4,2005Q1,baseline,2.7345683184736678
System A,cpi_yoy,2025Q4,2005Q1,commodity_growth,0.008460547197409712
System A,cpi_yoy,2025Q4,2005Q1,unemployment_rate,0.6246419738620975
System A,cpi_yoy,2025Q4,2005Q1,cpi_yoy,-0.7883952787937648
System A,cpi_yoy,2025Q4,2005Q1,inflation_expectations_business,-0.4190789859475754
System A,cpi_yoy,2025Q4,2005Q1,cash_rate,0.23980342520816747
System A,cpi_yoy,2025Q4,2005Q2,baseline,2.750034586272033
System A,cpi_yoy,2025Q4,2005Q2,commodity_growth,0.15482431984470463
System A,cpi_yoy,2025Q4,2005Q2,unemployment_rate,0.519922517902855
System A,cpi_yoy,2025Q4,2005Q2,cpi_yoy,-0.8860952901822712
System A,cpi_yoy,2025Q4,2005Q2,inflation_expectations_business,-0.2979492404329151
System A,cpi_yoy,2025Q4,2005Q2,cash_rate,0.2592631065955943
System A,cpi_yoy,2025Q4,2005Q3,baseline,2.7639535498725007
System A,cpi_yoy,2025Q4,2005Q3,commodity_growth,0.14249706026002262
System A,cpi_yoy,2025Q4,2005Q3,unemployment_rate,0.4744466981798942
System A,cpi_yoy,2025Q4,2005Q3,cpi_yoy,-0.4955260484755373
System A,cpi_yoy,2025Q4,2005Q3,inflation_expectations_business,-0.15048598570663546
System A,cpi_yoy,2025Q4,2005Q3,cash_rate,0.3651147258697558
System A,cpi_yoy,2025Q4,2005Q4,baseline,2.776485345820316
System A,cpi_yoy,2025Q4,2005Q4,commodity_growth,0.27783645926982464
System A,cpi_yoy,2025Q4,2005Q4,unemployment_rate,0.34320314393888157
System A,cpi_yoy,2025Q4,2005Q4,cpi_yoy,-0.8462289124277554
System A,cpi_yoy,2025Q4,2005Q4,inflation_expectations_business,-0.2205186655799952
System A,cpi_yoy,2025Q4,2005Q4,cash_rate,0.36922262897873026
System A,cpi_yoy,2025Q4,2006Q1,baseline,2.7877765055457524
System A,cpi_yoy,2025Q4,2006Q1,commodity_growth,0.27858041960954627
System A,cpi_yoy,2025Q4,2006Q1,unemployment_rate,0.22099448479351488
System A,cpi_yoy,2025Q4,2006Q1,cpi_yoy,-0.4551273185400953
System A,cpi_yoy,2025Q4,2006Q1,inflation_expectations_business,-0.2752754228977143
System A,cpi_yoy,2025Q4,2006Q1,cash_rate,0.44305133148899734
System A,cpi_yoy,2025Q4,2006Q2,baseline,2.7979602817835585
System A,cpi_yoy,2025Q4,2006Q2,commodity_growth,0.22915647643711046
System A,cpi_yoy,2025Q4,2006Q2,unemployment_rate,0.2641987170482413
System A,cpi_yoy,2025Q4,2006Q2,cpi_yoy,0.47788010444904727
System A,cpi_yoy,2025Q4,2006Q2,inflation_expectations_business,-0.23253040936768143
System A,cpi_yoy,2025Q4,2006Q2,cash_rate,0.4633348296497259
System A,cpi_yoy,2025Q4,2006Q3,baseline,2.807157181105587
System A,cpi_yoy,2025Q4,2006Q3,commodity_growth,0.05654882286797263
System A,cpi_yoy,2025Q4,2006Q3,unemployment_rate,0.2933168551906037
System A,cpi_yoy,2025Q4,2006Q3,cpi_yoy,0.20745455912160496
System A,cpi_yoy,2025Q4,2006Q3,inflation_expectations_business,0.03777902394859035
System A,cpi_yoy,2025Q4,2006Q3,cash_rate,0.3977435577656427
System A,cpi_yoy,2025Q4,2006Q4,baseline,2.815475640771338
System A,cpi_yoy,2025Q4,2006Q4,commodity_growth,-0.09922753841114314
System A,cpi_yoy,2025Q4,2006Q4,unemployment_rate,0.4561796833941989
System A,cpi_yoy,2025Q4,2006Q4,cpi_yoy,-0.304332318491062
System A,cpi_yoy,2025Q4,2006Q4,inflation_expectations_business,0.1181582598888697
System A,cpi_yoy,2025Q4,2006Q4,cash_rate,0.3137462728477998
System A,cpi_yoy,2025Q4,2007Q1,baseline,2.823012800227357
System A,cpi_yoy,2025Q4,2007Q1,commodity_growth,-0.27379581722497887
System A,cpi_yoy,2025Q4,2007Q1,unemployment_rate,0.4713102991698604
System A,cpi_yoy,2025Q4,2007Q1,cpi_yoy,-0.907423617126506
System A,cpi_yoy,2025Q4,2007Q1,inflation_expectations_business,0.11446294261134457
System A,cpi_yoy,2025Q4,2007Q1,cash_rate,0.27243339234292374
System A,cpi_yoy,2025Q4,2007Q2,baseline,2.829855327178869
System A,cpi_yoy,2025Q4,2007Q2,commodity_growth,-0.3094451049142576
System A,cpi_yoy,2025Q4,2007Q2,unemployment_rate,0.6999577171737839
System A,cpi_yoy,2025Q4,2007Q2,cpi_yoy,-1.375381905018308
System A,cpi_yoy,2025Q4,2007Q2,inflation_expectations_business,0.13108033515289264
System A,cpi_yoy,2025Q4,2007Q2,cash_rate,0.12393363042702062
System A,cpi_yoy,2025Q4,2007Q3,baseline,2.836080266763249
System A,cpi_yoy,2025Q4,2007Q3,commodity_growth,-0.30640378937299934
System A,cpi_yoy,2025Q4,2007Q3,unemployment_rate,0.71251342221254
System A,cpi_yoy,2025Q4,2007Q3,cpi_yoy,-1.6042570644457868
System A,cpi_yoy,2025Q4,2007Q3,inflation_expectations_business,0.2892258735830415
System A,cpi_yoy,2025Q4,2007Q3,cash_rate,-0.12715870874004528
System A,cpi_yoy,2025Q4,2007Q4,baseline,2.841755889346048
System A,cpi_yoy,2025Q4,2007Q4,commodity_growth,-0.20252504519091075
System A,cpi_yoy,2025Q4,2007Q4,unemployment_rate,0.5834751221515673
System A,cpi_yoy,2025Q4,2007Q4,cpi_yoy,-0.43722056128976705
System A,cpi_yoy,2025Q4,2007Q4,inflation_expectations_business,0.4634630549510307
System A,cpi_yoy,2025Q4,2007Q4,cash_rate,-0.2489484599679692
System A,cpi_yoy,2025Q4,2008Q1,baseline,2.8469425184720873
System A,cpi_yoy,2025Q4,2008Q1,commodity_growth,-0.0933642305499339
System A,cpi_yoy,2025Q4,2008Q1,unemployment_rate,0.650559738742043
System A,cpi_yoy,2025Q4,2008Q1,cpi_yoy,0.48833404400042024
System A,cpi_yoy,2025Q4,2008Q1,inflation_expectations_business,0.7269613297148504
System A,cpi_yoy,2025Q4,2008Q1,cash_rate,-0.3194334003794675
System A,cpi_yoy,2025Q4,2008Q2,baseline,2.8516933253976045
System A,cpi_yoy,2025Q4,2008Q2,commodity_growth,0.2113379985935592
System A,cpi_yoy,2025Q4,2008Q2,unemployment_rate,0.36065840759335527
System A,cpi_yoy,2025Q4,2008Q2,cpi_yoy,0.5218932870455679
System A,cpi_yoy,2025Q4,2008Q2,inflation_expectations_business,0.8779047465274444
System A,cpi_yoy,2025Q4,2008Q2,cash_rate,-0.4234877651575303
System A,cpi_yoy,2025Q4,2008Q3,baseline,2.8560550807032166
System A,cpi_yoy,2025Q4,2008Q3,commodity_growth,0.5738593670532772
System A,cpi_yoy,2025Q4,2008Q3,unemployment_rate,0.22176407695159342
System A,cpi_yoy,2025Q4,2008Q3,cpi_yoy,0.5033433705897191
System A,cpi_yoy,2025Q4,2008Q3,inflation_expectations_business,1.3142934428855284
System A,cpi_yoy,2025Q4,2008Q3,cash_rate,-0.4693153381833304
System A,cpi_yoy,2025Q4,2008Q4,baseline,2.8600688567611647
System A,cpi_yoy,2025Q4,2008Q4,commodity_growth,0.9114248156300796
System A,cpi_yoy,2025Q4,2008Q4,unemployment_rate,0.0024253124683409847
System A,cpi_yoy,2025Q4,2008Q4,cpi_yoy,-0.8136976000634056
System A,cpi_yoy,2025Q4,2008Q4,inflation_expectations_business,1.3043607999120281
System A,cpi_yoy,2025Q4,2008Q4,cash_rate,-0.5645821847082025
System A,cpi_yoy,2025Q4,2009Q1,baseline,2.863770677470943
System A,cpi_yoy,2025Q4,2009Q1,commodity_growth,0.7781445949412588
System A,cpi_yoy,2025Q4,2009Q1,unemployment_rate,-0.35149058475592965
System A,cpi_yoy,2025Q4,2009Q1,cpi_yoy,-0.2329292369901865
System A,cpi_yoy,2025Q4,2009Q1,inflation_expectations_business,0.902605277375227
System A,cpi_yoy,2025Q4,2009Q1,cash_rate,-1.6601007280413114
System A,cpi_yoy,2025Q4,2009Q2,baseline,2.8671921137475236
System A,cpi_yoy,2025Q4,2009Q2,commodity_growth,0.38089001849033166
System A,cpi_yoy,2025Q4,2009Q2,unemployment_rate,-0.3587121743387804
System A,cpi_yoy,2025Q4,2009Q2,cpi_yoy,0.39747461944748097
System A,cpi_yoy,2025Q4,2009Q2,inflation_expectations_business,0.25244463327380817
System A,cpi_yoy,2025Q4,2009Q2,cash_rate,-2.0392892106203604
System A,cpi_yoy,2025Q4,2009Q3,baseline,2.870360824853673
System A,cpi_yoy,2025Q4,2009Q3,commodity_growth,0.05155419485293569
System A,cpi_yoy,2025Q4,2009Q3,unemployment_rate,-0.35368734161370374
System A,cpi_yoy,2025Q4,2009Q3,cpi_yoy,0.515609313958637
System A,cpi_yoy,2025Q4,2009Q3,inflation_expectations_business,0.05638952383014139
System A,cpi_yoy,2025Q4,2009Q3,cash_rate,-1.9402265158816843
System A,cpi_yoy,2025Q4,2009Q4,baseline,2.8733010468772697
System A,cpi_yoy,2025Q4,2009Q4,commodity_growth,-0.3109322682024104
System A,cpi_yoy,2025Q4,2009Q4,unemployment_rate,-0.26474606684478835
System A,cpi_yoy,2025Q4,2009Q4,cpi_yoy,1.4055267506958613
System A,cpi_yoy,2025Q4,2009Q4,inflation_expectations_business,0.07245956077902134
System A,cpi_yoy,2025Q4,2009Q4,cash_rate,-1.6756090233049554
System A,cpi_yoy,2025Q4,2010Q1,baseline,2.8760340305409033
System A,cpi_yoy,2025Q4,2010Q1,commodity_growth,-0.2227818073959414
System A,cpi_yoy,2025Q4,2010Q1,unemployment_rate,-0.12218472117269273
System A,cpi_yoy,2025Q4,2010Q1,cpi_yoy,1.46919659572265
System A,cpi_yoy,2025Q4,2010Q1,inflation_expectations_business,-0.027293453806313938
System A,cpi_yoy,2025Q4,2010Q1,cash_rate,-1.0729706438886057
System A,cpi_yoy,2025Q4,2010Q2,baseline,2.8785784311490414
System A,cpi_yoy,2025Q4,2010Q2,commodity_growth,0.2181688414714481
System A,cpi_yoy,2025Q4,2010Q2,unemployment_rate,-0.09410087792962446
System A,cpi_yoy,2025Q4,2010Q2,cpi_yoy,0.8527283580431821
System A,cpi_yoy,2025Q4,2010Q2,inflation_expectations_business,-0.23571822023988664
System A,cpi_yoy,2025Q4,2010Q2,cash_rate,-0.6196565324941621
System A,cpi_yoy,2025Q4,2010Q3,baseline,2.88095065388084
System A,cpi_yoy,2025Q4,2010Q3,commodity_growth,0.2530845246200533
System A,cpi_yoy,2025Q4,2010Q3,unemployment_rate,-0.01792118973034864
System A,cpi_yoy,2025Q4,2010Q3,cpi_yoy,-0.06253315709438155
System A,cpi_yoy,2025Q4,2010Q3,inflation_expectations_business,-0.24773177314859524
System A,cpi_yoy,2025Q4,2010Q3,cash_rate,0.09415094147243049
System A,cpi_yoy,2025Q4,2010Q4,baseline,2.8831651578663036
System A,cpi_yoy,2025Q4,2010Q4,commodity_growth,0.3248070795279732
System A,cpi_yoy,2025Q4,2010Q4,unemployment_rate,0.05957116498477947
System A,cpi_yoy,2025Q4,2010Q4,cpi_yoy,-0.5106047718116883
System A,cpi_yoy,2025Q4,2010Q4,inflation_expectations_business,-0.529413224285509
System A,cpi_yoy,2025Q4,2010Q4,cash_rate,0.3724745937181395
System A,cpi_yoy,2025Q4,2011Q1,baseline,2.885234722577627
System A,cpi_yoy,2025Q4,2011Q1,commodity_growth,0.4094070153837901
System A,cpi_yoy,2025Q4,2011Q1,unemployment_rate,0.09125145390262857
System A,cpi_yoy,2025Q4,2011Q1,cpi_yoy,0.04436830547464471
System A,cpi_yoy,2025Q4,2011Q1,inflation_expectations_business,-0.7176676834086165
System A,cpi_yoy,2025Q4,2011Q1,cash_rate,0.6874061860699269
System A,cpi_yoy,2025Q4,2011Q2,baseline,2.887170680056709
System A,cpi_yoy,2025Q4,2011Q2,commodity_growth,0.232514519742954
System A,cpi_yoy,2025Q4,2011Q2,unemployment_rate,0.15476665955815
System A,cpi_yoy,2025Q4,2011Q2,cpi_yoy,0.5615887032241815
System A,cpi_yoy,2025Q4,2011Q2,inflation_expectations_business,-0.8749795010864467
System A,cpi_yoy,2025Q4,2011Q2,cash_rate,0.7389389385044531
System A,cpi_yoy,2025Q4,2011Q3,baseline,2.8889831164101953
System A,cpi_yoy,2025Q4,2011Q3,commodity_growth,0.294826403902855
System A,cpi_yoy,2025Q4,2011Q3,unemployment_rate,3.0106694530665197e-05
System A,cpi_yoy,2025Q4,2011Q3,cpi_yoy,0.4794058604837609
System A,cpi_yoy,2025Q4,2011Q3,inflation_expectations_business,-0.7953976302546609
System A,cpi_yoy,2025Q4,2011Q3,cash_rate,0.5321521427633198
System A,cpi_yoy,2025Q4,2011Q4,baseline,2.890681045856264
System A,cpi_yoy,2025Q4,2011Q4,commodity_growth,0.08877239979395268
System A,cpi_yoy,2025Q4,2011Q4,unemployment_rate,0.12307503661258831
System A,cpi_yoy,2025Q4,2011Q4,cpi_yoy,0.343419150858186
System A,cpi_yoy,2025Q4,2011Q4,inflation_expectations_business,-0.8380356970275309
System A,cpi_yoy,2025Q4,2011Q4,cash_rate,0.3920880639065408
System A,cpi_yoy,2025Q4,2012Q1,baseline,2.892272560420255
System A,cpi_yoy,2025Q4,2012Q1,commodity_growth,-0.10449793960178723
System A,cpi_yoy,2025Q4,2012Q1,unemployment_rate,0.21381021590170318
System A,cpi_yoy,2025Q4,2012Q1,cpi_yoy,-0.6814038529646478
System A,cpi_yoy,2025Q4,2012Q1,inflation_expectations_business,-0.8757928641681985
System A,cpi_yoy,2025Q4,2012Q1,cash_rate,0.05561188041267651
System A,cpi_yoy,2025Q4,2012Q2,baseline,2.8937649581633758
System A,cpi_yoy,2025Q4,2012Q2,commodity_growth,-0.0705926738090119
System A,cpi_yoy,2025Q4,2012Q2,unemployment_rate,0.27208635452292235
System A,cpi_yoy,2025Q4,2012Q2,cpi_yoy,-0.8106347724727755
System A,cpi_yoy,2025Q4,2012Q2,inflation_expectations_business,-0.7958864356293448
System A,cpi_yoy,2025Q4,2012Q2,cash_rate,-0.28873743077516434
System A,cpi_yoy,2025Q4,2012Q3,baseline,2.8951648526013525
System A,cpi_yoy,2025Q4,2012Q3,commodity_growth,-0.2908339942721999
System A,cpi_yoy,2025Q4,2012Q3,unemployment_rate,0.1818936910694392
System A,cpi_yoy,2025Q4,2012Q3,cpi_yoy,0.18386188414879379
System A,cpi_yoy,2025Q4,2012Q3,inflation_expectations_business,-0.3335283703037124
System A,cpi_yoy,2025Q4,2012Q3,cash_rate,-0.7365580632436701
System A,cpi_yoy,2025Q4,2012Q4,baseline,2.896478265736929
System A,cpi_yoy,2025Q4,2012Q4,commodity_growth,-0.23782558003560017
System A,cpi_yoy,2025Q4,2012Q4,unemployment_rate,0.21458247053113969
System A,cpi_yoy,2025Q4,2012Q4,cpi_yoy,0.5042341842030661
System A,cpi_yoy,2025Q4,2012Q4,inflation_expectations_business,-0.19323053725454883
System A,cpi_yoy,2025Q4,2012Q4,cash_rate,-1.084238803180981
System A,cpi_yoy,2025Q4,2013Q1,baseline,2.897710706898376
System A,cpi_yoy,2025Q4,2013Q1,commodity_growth,-0.0643428559250524
System A,cpi_yoy,2025Q4,2013Q1,unemployment_rate,0.11947287916956378
System A,cpi_yoy,2025Q4,2013Q1,cpi_yoy,1.1467513380401153
System A,cpi_yoy,2025Q4,2013Q1,inflation_expectations_business,-0.3257592574417829
System A,cpi_yoy,2025Q4,2013Q1,cash_rate,-1.273832810741215
System A,cpi_yoy,2025Q4,2013Q2,baseline,2.898867239350815
System A,cpi_yoy,2025Q4,2013Q2,commodity_growth,-0.09973242861080968
System A,cpi_yoy,2025Q4,2013Q2,unemployment_rate,0.012274646934693009
System A,cpi_yoy,2025Q4,2013Q2,cpi_yoy,1.3391898677989231
System A,cpi_yoy,2025Q4,2013Q2,inflation_expectations_business,-0.5641842435572436
System A,cpi_yoy,2025Q4,2013Q2,cash_rate,-1.1864150819163755
System A,cpi_yoy,2025Q4,2013Q3,baseline,2.899952536431843
System A,cpi_yoy,2025Q4,2013Q3,commodity_growth,0.1970724038483487
System A,cpi_yoy,2025Q4,2013Q3,unemployment_rate,-0.17465340224398032
System A,cpi_yoy,2025Q4,2013Q3,cpi_yoy,0.9423160254455686
System A,cpi_yoy,2025Q4,2013Q3,inflation_expectations_business,-0.4601699306747881
System A,cpi_yoy,2025Q4,2013Q3,cash_rate,-1.1045176328069903
System A,cpi_yoy,2025Q4,2013Q4,baseline,2.9009709287603065
System A,cpi_yoy,2025Q4,2013Q4,commodity_growth,0.11044544566968337
System A,cpi_yoy,2025Q4,2013Q4,unemployment_rate,-0.2724259021708307
System A,cpi_yoy,2025Q4,2013Q4,cpi_yoy,1.1574972530830434
System A,cpi_yoy,2025Q4,2013Q4,inflation_expectations_business,-0.3188888670765704
System A,cpi_yoy,2025Q4,2013Q4,cash_rate,-0.9775988582656325
System A,cpi_yoy,2025Q4,2014Q1,baseline,2.9019264438786836
System A,cpi_yoy,2025Q4,2014Q1,commodity_growth,0.11607135186883825
System A,cpi_yoy,2025Q4,2014Q1,unemployment_rate,-0.40541906192486576
System A,cpi_yoy,2025Q4,2014Q1,cpi_yoy,1.1980766036587283
System A,cpi_yoy,2025Q4,2014Q1,inflation_expectations_business,-0.20354216641871867
System A,cpi_yoy,2025Q4,2014Q1,cash_rate,-0.7071131710626659
System A,cpi_yoy,2025Q4,2014Q2,baseline,2.9028228395163485
System A,cpi_yoy,2025Q4,2014Q2,commodity_growth,-0.2888150622406647
System A,cpi_yoy,2025Q4,2014Q2,unemployment_rate,-0.4084743869823766
System A,cpi_yoy,2025Q4,2014Q2,cpi_yoy,1.4918271520659563
System A,cpi_yoy,2025Q4,2014Q2,inflation_expectations_business,-0.15607902163228451
System A,cpi_yoy,2025Q4,2014Q2,cash_rate,-0.4412815207269791
System A,cpi_yoy,2025Q4,2014Q3,baseline,2.903663631503307
System A,cpi_yoy,2025Q4,2014Q3,commodity_growth,-0.4483103588798239
System A,cpi_yoy,2025Q4,2014Q3,unemployment_rate,-0.6214557216674278
System A,cpi_yoy,2025Q4,2014Q3,cpi_yoy,0.818380026745497
System A,cpi_yoy,2025Q4,2014Q3,inflation_expectations_business,0.006683724002587429
System A,cpi_yoy,2025Q4,2014Q3,cash_rate,-0.35896130170413965
System A,cpi_yoy,2025Q4,2014Q4,baseline,2.904452117221663
System A,cpi_yoy,2025Q4,2014Q4,commodity_growth,-0.573584015513583
System A,cpi_yoy,2025Q4,2014Q4,unemployment_rate,-0.6131532345677833
System A,cpi_yoy,2025Q4,2014Q4,cpi_yoy,0.2091321854077973
System A,cpi_yoy,2025Q4,2014Q4,inflation_expectations_business,0.03371446201571617
System A,cpi_yoy,2025Q4,2014Q4,cash_rate,-0.26056151456381044
System A,cpi_yoy,2025Q4,2015Q1,baseline,2.905191395354699
System A,cpi_yoy,2025Q4,2015Q1,commodity_growth,-0.50725864455412
System A,cpi_yoy,2025Q4,2015Q1,unemployment_rate,-0.627690978304111
System A,cpi_yoy,2025Q4,2015Q1,cpi_yoy,-0.3789886083681326
System A,cpi_yoy,2025Q4,2015Q1,inflation_expectations_business,0.06033751324319968
System A,cpi_yoy,2025Q4,2015Q1,cash_rate,-0.15159067737153634
System A,cpi_yoy,2025Q4,2015Q2,baseline,2.905884382580251
System A,cpi_yoy,2025Q4,2015Q2,commodity_growth,-0.5385815458695898
System A,cpi_yoy,2025Q4,2015Q2,unemployment_rate,-0.5040144706638522
System A,cpi_yoy,2025Q4,2015Q2,cpi_yoy,-0.3502284653069441
System A,cpi_yoy,2025Q4,2015Q2,inflation_expectations_business,0.21524227097581433
System A,cpi_yoy,2025Q4,2015Q2,cash_rate,-0.22830217171567949
System A,cpi_yoy,2025Q4,2015Q3,baseline,2.906533827755278
System A,cpi_yoy,2025Q4,2015Q3,commodity_growth,-0.3561804491159482
System A,cpi_yoy,2025Q4,2015Q3,unemployment_rate,-0.6373924548243635
System A,cpi_yoy,2025Q4,2015Q3,cpi_yoy,-0.4587279917595611
System A,cpi_yoy,2025Q4,2015Q3,inflation_expectations_business,0.36442500322178445
System A,cpi_yoy,2025Q4,2015Q3,cash_rate,-0.41865793527719053
System A,cpi_yoy,2025Q4,2015Q4,baseline,2.9071423240510854
System A,cpi_yoy,2025Q4,2015Q4,commodity_growth,-0.5812569270302774
System A,cpi_yoy,2025Q4,2015Q4,unemployment_rate,-0.26883709474881606
System A,cpi_yoy,2025Q4,2015Q4,cpi_yoy,-0.3211813649518349
System A,cpi_yoy,2025Q4,2015Q4,inflation_expectations_business,0.29845337878302725
System A,cpi_yoy,2025Q4,2015Q4,cash_rate,-0.33432031610318425
System A,cpi_yoy,2025Q4,2016Q1,baseline,2.907712319422618
System A,cpi_yoy,2025Q4,2016Q1,commodity_growth,-0.5576570343559853
System A,cpi_yoy,2025Q4,2016Q1,unemployment_rate,-0.2282292461478489
System A,cpi_yoy,2025Q4,2016Q1,cpi_yoy,-0.569283811096941
System A,cpi_yoy,2025Q4,2016Q1,inflation_expectations_business,0.006457410759861305
System A,cpi_yoy,2025Q4,2016Q1,cash_rate,-0.25899963858170544
System A,cpi_yoy,2025Q4,2016Q2,baseline,2.908246125729568
System A,cpi_yoy,2025Q4,2016Q2,commodity_growth,-0.5286527421021117
System A,cpi_yoy,2025Q4,2016Q2,unemployment_rate,-0.08336424949676051
System A,cpi_yoy,2025Q4,2016Q2,cpi_yoy,-0.9435808977772809
System A,cpi_yoy,2025Q4,2016Q2,inflation_expectations_business,-0.24013242199142593
System A,cpi_yoy,2025Q4,2016Q2,cash_rate,-0.11251581436199021
System A,cpi_yoy,2025Q4,2016Q3,baseline,2.9087459267705906
System A,cpi_yoy,2025Q4,2016Q3,commodity_growth,-0.4344423348329971
System A,cpi_yoy,2025Q4,2016Q3,unemployment_rate,-0.023753990540103583
System A,cpi_yoy,2025Q4,2016Q3,cpi_yoy,-0.5800235670283694
System A,cpi_yoy,2025Q4,2016Q3,inflation_expectations_business,-0.42774933375491336
System A,cpi_yoy,2025Q4,2016Q3,cash_rate,-0.04277670061420934
System A,cpi_yoy,2025Q4,2016Q4,baseline,2.9092137854439275
System A,cpi_yoy,2025Q4,2016Q4,commodity_growth,0.13802573817118913
System A,cpi_yoy,2025Q4,2016Q4,unemployment_rate,-0.11204989533712256
System A,cpi_yoy,2025Q4,2016Q4,cpi_yoy,-0.8862985585662241
System A,cpi_yoy,2025Q4,2016Q4,inflation_expectations_business,-0.6793224031491121
System A,cpi_yoy,2025Q4,2016Q4,cash_rate,0.030431333437338347
System A,cpi_yoy,2025Q4,2017Q1,baseline,2.9096516502069854
System A,cpi_yoy,2025Q4,2017Q1,commodity_growth,0.22729108348736876
System A,cpi_yoy,2025Q4,2017Q1,unemployment_rate,-0.21797998044112904
System A,cpi_yoy,2025Q4,2017Q1,cpi_yoy,-0.3106396335949864
System A,cpi_yoy,2025Q4,2017Q1,inflation_expectations_business,-0.8966110790370451
System A,cpi_yoy,2025Q4,2017Q1,cash_rate,0.38828795937880045
System A,cpi_yoy,2025Q4,2017Q2,baseline,2.910061360973244
System A,cpi_yoy,2025Q4,2017Q2,commodity_growth,0.0763646792187929
System A,cpi_yoy,2025Q4,2017Q2,unemployment_rate,-0.14201171793063505
System A,cpi_yoy,2025Q4,2017Q2,cpi_yoy,-0.6566432318863351
System A,cpi_yoy,2025Q4,2017Q2,inflation_expectations_business,-1.044142351948469
System A,cpi_yoy,2025Q4,2017Q2,cash_rate,0.7563712615733964
System A,cpi_yoy,2025Q4,2017Q3,baseline,2.9104446545563225
System A,cpi_yoy,2025Q4,2017Q3,commodity_growth,-0.21091582995646774
System A,cpi_yoy,2025Q4,2017Q3,unemployment_rate,-0.25424823818656184
System A,cpi_yoy,2025Q4,2017Q3,cpi_yoy,-0.7385626417349092
System A,cpi_yoy,2025Q4,2017Q3,inflation_expectations_business,-0.7609948118309408
System A,cpi_yoy,2025Q4,2017Q3,cash_rate,0.8542768671525518
System A,cpi_yoy,2025Q4,2017Q4,baseline,2.910803169747453
System A,cpi_yoy,2025Q4,2017Q4,commodity_growth,-0.49072090075867913
System A,cpi_yoy,2025Q4,2017Q4,unemployment_rate,-0.19936043740627535
System A,cpi_yoy,2025Q4,2017Q4,cpi_yoy,-0.33842975521503343
System A,cpi_yoy,2025Q4,2017Q4,inflation_expectations_business,-0.6604280254840669
System A,cpi_yoy,2025Q4,2017Q4,cash_rate,0.878135949116597
System A,cpi_yoy,2025Q4,2018Q1,baseline,2.911138452093195
System A,cpi_yoy,2025Q4,2018Q1,commodity_growth,-0.3997049564122874
System A,cpi_yoy,2025Q4,2018Q1,unemployment_rate,-0.2620238902933968
System A,cpi_yoy,2025Q4,2018Q1,cpi_yoy,-0.3966690209169329
System A,cpi_yoy,2025Q4,2018Q1,inflation_expectations_business,-0.6866935571495597
System A,cpi_yoy,2025Q4,2018Q1,cash_rate,0.8339529726789768
System A,cpi_yoy,2025Q4,2018Q2,baseline,2.911451958424525
System A,cpi_yoy,2025Q4,2018Q2,commodity_growth,-0.32802738178402385
System A,cpi_yoy,2025Q4,2018Q2,unemployment_rate,-0.2023842899348741
System A,cpi_yoy,2025Q4,2018Q2,cpi_yoy,-0.43638618427267056
System A,cpi_yoy,2025Q4,2018Q2,inflation_expectations_business,-0.5801213308418435
System A,cpi_yoy,2025Q4,2018Q2,cash_rate,0.735467228408882
System A,cpi_yoy,2025Q4,2018Q3,baseline,2.9117450611757354
System A,cpi_yoy,2025Q4,2018Q3,commodity_growth,-0.09215906624254559
System A,cpi_yoy,2025Q4,2018Q3,unemployment_rate,-0.13479430292482256
System A,cpi_yoy,2025Q4,2018Q3,cpi_yoy,-1.0036942052749835
System A,cpi_yoy,2025Q4,2018Q3,inflation_expectations_business,-0.23723529637629495
System A,cpi_yoy,2025Q4,2018Q3,cash_rate,0.556137809642905
System A,cpi_yoy,2025Q4,2018Q4,baseline,2.9120190525215346
System A,cpi_yoy,2025Q4,2018Q4,commodity_growth,-0.05001799118463952
System A,cpi_yoy,2025Q4,2018Q4,unemployment_rate,-0.008375647125143057
System A,cpi_yoy,2025Q4,2018Q4,cpi_yoy,-1.3870004406599696
System A,cpi_yoy,2025Q4,2018Q4,inflation_expectations_business,-0.23848841557418868
System A,cpi_yoy,2025Q4,2018Q4,cash_rate,0.47186344202240094
System A,cpi_yoy,2025Q4,2019Q1,baseline,2.9122751483528253
System A,cpi_yoy,2025Q4,2019Q1,commodity_growth,0.05738644832047624
System A,cpi_yoy,2025Q4,2019Q1,unemployment_rate,-0.007148948393390747
System A,cpi_yoy,2025Q4,2019Q1,cpi_yoy,-1.8508946190590092
System A,cpi_yoy,2025Q4,2019Q1,inflation_expectations_business,-0.42650811107588915
System A,cpi_yoy,2025Q4,2019Q1,cash_rate,0.5148900818549805
System A,cpi_yoy,2025Q4,2019Q2,baseline,2.9125144921055592
System A,cpi_yoy,2025Q4,2019Q2,commodity_growth,0.06138417653281831
System A,cpi_yoy,2025Q4,2019Q2,unemployment_rate,-0.11670982574824212
System A,cpi_yoy,2025Q4,2019Q2,cpi_yoy,-1.3628226782154687
System A,cpi_yoy,2025Q4,2019Q2,inflation_expectations_business,-0.6081286102048937
System A,cpi_yoy,2025Q4,2019Q2,cash_rate,0.6137624455302193
System A,cpi_yoy,2025Q4,2019Q3,baseline,2.912738158452433
System A,cpi_yoy,2025Q4,2019Q3,commodity_growth,0.016423063517419637
System A,cpi_yoy,2025Q4,2019Q3,unemployment_rate,-0.23999934225536387
System A,cpi_yoy,2025Q4,2019Q3,cpi_yoy,-1.1454915456530246
System A,cpi_yoy,2025Q4,2019Q3,inflation_expectations_business,-0.4352013276389282
System A,cpi_yoy,2025Q4,2019Q3,cash_rate,0.5915309935774565
System A,cpi_yoy,2025Q4,2019Q4,baseline,2.9129471568637966
System A,cpi_yoy,2025Q4,2019Q4,commodity_growth,-0.20589336620160442
System A,cpi_yoy,2025Q4,2019Q4,unemployment_rate,-0.18129205790480388
System A,cpi_yoy,2025Q4,2019Q4,cpi_yoy,-0.588714170101947
System A,cpi_yoy,2025Q4,2019Q4,inflation_expectations_business,-0.3771649286027898
System A,cpi_yoy,2025Q4,2019Q4,cash_rate,0.24011736594734095
System A,cpi_yoy,2025Q4,2020Q1,baseline,2.9131424350416952
System A,cpi_yoy,2025Q4,2020Q1,commodity_growth,-0.10646581497042085
System A,cpi_yoy,2025Q4,2020Q1,unemployment_rate,-0.2865424840083067
System A,cpi_yoy,2025Q4,2020Q1,cpi_yoy,0.19791774351973412
System A,cpi_yoy,2025Q4,2020Q1,inflation_expectations_business,-0.39611801237082106
System A,cpi_yoy,2025Q4,2020Q1,cash_rate,-0.021933867211888024
System A,cpi_yoy,2025Q4,2020Q2,baseline,2.9133248822292948
System A,cpi_yoy,2025Q4,2020Q2,commodity_growth,-0.2988973777914837
System A,cpi_yoy,2025Q4,2020Q2,unemployment_rate,-1.478882729949283
System A,cpi_yoy,2025Q4,2020Q2,cpi_yoy,-0.6714262786135822
System A,cpi_yoy,2025Q4,2020Q2,inflation_expectations_business,-0.5664434044957154
System A,cpi_yoy,2025Q4,2020Q2,cash_rate,-0.19767509137923675
System A,cpi_yoy,2025Q4,2020Q3,baseline,2.9134953323968835
System A,cpi_yoy,2025Q4,2020Q3,commodity_growth,-0.07849345697924197
System A,cpi_yoy,2025Q4,2020Q3,unemployment_rate,-1.616623627757475
System A,cpi_yoy,2025Q4,2020Q3,cpi_yoy,0.07116908407644389
System A,cpi_yoy,2025Q4,2020Q3,inflation_expectations_business,-0.4548468108706604
System A,cpi_yoy,2025Q4,2020Q3,cash_rate,-0.13470052086595857
System A,cpi_yoy,2025Q4,2020Q4,baseline,2.9136545673050396
System A,cpi_yoy,2025Q4,2020Q4,commodity_growth,0.12128962471194543
System A,cpi_yoy,2025Q4,2020Q4,unemployment_rate,-1.8340873752023235
System A,cpi_yoy,2025Q4,2020Q4,cpi_yoy,-0.07591283852418858
System A,cpi_yoy,2025Q4,2020Q4,inflation_expectations_business,-0.30993052810615335
System A,cpi_yoy,2025Q4,2020Q4,cash_rate,0.08498654981567312
System A,cpi_yoy,2025Q4,2021Q1,baseline,2.9138033194452753
System A,cpi_yoy,2025Q4,2021Q1,commodity_growth,0.39220522719825435
System A,cpi_yoy,2025Q4,2021Q1,unemployment_rate,-1.5367303966745314
System A,cpi_yoy,2025Q4,2021Q1,cpi_yoy,-0.9502279541924491
System A,cpi_yoy,2025Q4,2021Q1,inflation_expectations_business,0.08470511777151835
System A,cpi_yoy,2025Q4,2021Q1,cash_rate,-0.003755313548074881
System A,cpi_yoy,2025Q4,2021Q2,baseline,2.9139422748585155
System A,cpi_yoy,2025Q4,2021Q2,commodity_growth,0.6526371796181962
System A,cpi_yoy,2025Q4,2021Q2,unemployment_rate,-0.9438804474232767
System A,cpi_yoy,2025Q4,2021Q2,cpi_yoy,1.0399503421195933
System A,cpi_yoy,2025Q4,2021Q2,inflation_expectations_business,0.2563322561144779
System A,cpi_yoy,2025Q4,2021Q2,cash_rate,-0.11898160528751331
System A,cpi_yoy,2025Q4,2021Q3,baseline,2.914072075831912
System A,cpi_yoy,2025Q4,2021Q3,commodity_growth,0.5093216971163099
System A,cpi_yoy,2025Q4,2021Q3,unemployment_rate,-0.2573141139973118
System A,cpi_yoy,2025Q4,2021Q3,cpi_yoy,-0.37041653608143776
System A,cpi_yoy,2025Q4,2021Q3,inflation_expectations_business,0.4679530783691406
System A,cpi_yoy,2025Q4,2021Q3,cash_rate,-0.2636162012386165
System A,cpi_yoy,2025Q4,2021Q4,baseline,2.9141933234748048
System A,cpi_yoy,2025Q4,2021Q4,commodity_growth,0.3630604268692738
System A,cpi_yoy,2025Q4,2021Q4,unemployment_rate,0.19359997201467777
System A,cpi_yoy,2025Q4,2021Q4,cpi_yoy,0.24834851385351564
System A,cpi_yoy,2025Q4,2021Q4,inflation_expectations_business,0.43046483150779513
System A,cpi_yoy,2025Q4,2021Q4,cash_rate,-0.4496670677200698
System A,cpi_yoy,2025Q4,2022Q1,baseline,2.91430658017502
System A,cpi_yoy,2025Q4,2022Q1,commodity_growth,0.5603300783696936
System A,cpi_yoy,2025Q4,2022Q1,unemployment_rate,0.7847104945388994
System A,cpi_yoy,2025Q4,2022Q1,cpi_yoy,0.650507160463034
System A,cpi_yoy,2025Q4,2022Q1,inflation_expectations_business,0.79594616855188
System A,cpi_yoy,2025Q4,2022Q1,cash_rate,-0.50580048209853
System A,cpi_yoy,2025Q4,2022Q2,baseline,2.914412371937075
System A,cpi_yoy,2025Q4,2022Q2,commodity_growth,0.6385170162983875
System A,cpi_yoy,2025Q4,2022Q2,unemployment_rate,1.0373978003310083
System A,cpi_yoy,2025Q4,2022Q2,cpi_yoy,1.1739563429559432
System A,cpi_yoy,2025Q4,2022Q2,inflation_expectations_business,1.1295954055027457
System A,cpi_yoy,2025Q4,2022Q2,cash_rate,-0.6938789370251618
System A,cpi_yoy,2025Q4,2022Q3,baseline,2.9145111906042973
System A,cpi_yoy,2025Q4,2022Q3,commodity_growth,0.6058086662637271
System A,cpi_yoy,2025Q4,2022Q3,unemployment_rate,1.1116009379950882
System A,cpi_yoy,2025Q4,2022Q3,cpi_yoy,1.4880076185185895
System A,cpi_yoy,2025Q4,2022Q3,inflation_expectations_business,1.8258589339757774
System A,cpi_yoy,2025Q4,2022Q3,cash_rate,-0.64578734735748
System A,cpi_yoy,2025Q4,2022Q4,baseline,2.914603495967233
System A,cpi_yoy,2025Q4,2022Q4,commodity_growth,0.4475238846830962
System A,cpi_yoy,2025Q4,2022Q4,unemployment_rate,1.0202198394858089
System A,cpi_yoy,2025Q4,2022Q4,cpi_yoy,1.1488303873612116
System A,cpi_yoy,2025Q4,2022Q4,inflation_expectations_business,2.0968957076049044
System A,cpi_yoy,2025Q4,2022Q4,cash_rate,0.1719266848977436
System A,cpi_yoy,2025Q4,2023Q1,baseline,2.9146897177610955
System A,cpi_yoy,2025Q4,2023Q1,commodity_growth,-0.012606176173292336
System A,cpi_yoy,2025Q4,2023Q1,unemployment_rate,0.818132347230478
System A,cpi_yoy,2025Q4,2023Q1,cpi_yoy,0.6342075137242728
System A,cpi_yoy,2025Q4,2023Q1,inflation_expectations_business,2.021233388826749
System A,cpi_yoy,2025Q4,2023Q1,cash_rate,0.7243432086306897
System A,cpi_yoy,2025Q4,2023Q2,baseline,2.9147702575553276
System A,cpi_yoy,2025Q4,2023Q2,commodity_growth,-0.30677835622692434
System A,cpi_yoy,2025Q4,2023Q2,unemployment_rate,0.8042833588451057
System A,cpi_yoy,2025Q4,2023Q2,cpi_yoy,-0.010699261521366101
System A,cpi_yoy,2025Q4,2023Q2,inflation_expectations_business,1.7077293097971185
System A,cpi_yoy,2025Q4,2023Q2,cash_rate,0.8906946915507369
System A,cpi_yoy,2025Q4,2023Q3,baseline,2.9148454905386263
System A,cpi_yoy,2025Q4,2023Q3,commodity_growth,-0.2969395767416466
System A,cpi_yoy,2025Q4,2023Q3,unemployment_rate,0.5446661270599975
System A,cpi_yoy,2025Q4,2023Q3,cpi_yoy,-0.5734763355136476
System A,cpi_yoy,2025Q4,2023Q3,inflation_expectations_business,1.8535808202524504
System A,cpi_yoy,2025Q4,2023Q3,cash_rate,0.8573234744042123
System A,cpi_yoy,2025Q4,2023Q4,baseline,2.9149157672030293
System A,cpi_yoy,2025Q4,2023Q4,commodity_growth,-0.04320837185127357
System A,cpi_yoy,2025Q4,2023Q4,unemployment_rate,0.42403217830188744
System A,cpi_yoy,2025Q4,2023Q4,cpi_yoy,-1.3971104434051553
System A,cpi_yoy,2025Q4,2023Q4,inflation_expectations_business,1.463485712087369
System A,cpi_yoy,2025Q4,2023Q4,cash_rate,0.6378851576641383
System A,cpi_yoy,2025Q4,2024Q1,baseline,2.914981414930805
System A,cpi_yoy,2025Q4,2024Q1,commodity_growth,0.20123084255536375
System A,cpi_yoy,2025Q4,2024Q1,unemployment_rate,0.3652820314640949
System A,cpi_yoy,2025Q4,2024Q1,cpi_yoy,-1.3955978184316882
System A,cpi_yoy,2025Q4,2024Q1,inflation_expectations_business,1.047609628775956
System A,cpi_yoy,2025Q4,2024Q1,cash_rate,0.5664939007054635
System A,cpi_yoy,2025Q4,2024Q2,baseline,2.9150427394880785
System A,cpi_yoy,2025Q4,2024Q2,commodity_growth,0.2663518170029997
System A,cpi_yoy,2025Q4,2024Q2,unemployment_rate,0.2911692464703963
System A,cpi_yoy,2025Q4,2024Q2,cpi_yoy,-0.7364092741169413
System A,cpi_yoy,2025Q4,2024Q2,inflation_expectations_business,0.601685406247381
System A,cpi_yoy,2025Q4,2024Q2,cash_rate,0.4621600649080811
System A,cpi_yoy,2025Q4,2024Q3,baseline,2.9151000264291773
System A,cpi_yoy,2025Q4,2024Q3,commodity_growth,0.1823980220237852
System A,cpi_yoy,2025Q4,2024Q3,unemployment_rate,0.1435605403695489
System A,cpi_yoy,2025Q4,2024Q3,cpi_yoy,-1.2852919967169678
System A,cpi_yoy,2025Q4,2024Q3,inflation_expectations_business,0.7037894014367178
System A,cpi_yoy,2025Q4,2024Q3,cash_rate,0.24044400645773564
System A,cpi_yoy,2025Q4,2024Q4,baseline,2.9151535424157475
System A,cpi_yoy,2025Q4,2024Q4,commodity_growth,0.1972231299103642
System A,cpi_yoy,2025Q4,2024Q4,unemployment_rate,0.26106982126158007
System A,cpi_yoy,2025Q4,2024Q4,cpi_yoy,-1.6495672795881273
System A,cpi_yoy,2025Q4,2024Q4,inflation_expectations_business,0.6291025934027251
System A,cpi_yoy,2025Q4,2024Q4,cash_rate,0.04701819259770891
System A,cpi_yoy,2025Q4,2025Q1,baseline,2.9152035364547007
System A,cpi_yoy,2025Q4,2025Q1,commodity_growth,0.16819722985321933
System A,cpi_yoy,2025Q4,2025Q1,unemployment_rate,0.15922996183092641
System A,cpi_yoy,2025Q4,2025Q1,cpi_yoy,-1.2735984819966824
System A,cpi_yoy,2025Q4,2025Q1,inflation_expectations_business,0.38034191176931254
System A,cpi_yoy,2025Q4,2025Q1,cash_rate,0.050625842088521084
System A,cpi_yoy,2025Q4,2025Q2,baseline,2.9152502410590464
System A,cpi_yoy,2025Q4,2025Q2,commodity_growth,0.08631522317156311
System A,cpi_yoy,2025Q4,2025Q2,unemployment_rate,0.17693119750132033
System A,cpi_yoy,2025Q4,2025Q2,cpi_yoy,-1.0938846135371838
System A,cpi_yoy,2025Q4,2025Q2,inflation_expectations_business,0.1357434220306742
System A,cpi_yoy,2025Q4,2025Q2,cash_rate,-0.020355470225424527
System A,cpi_yoy,2025Q4,2025Q3,baseline,2.9152938733355995
System A,cpi_yoy,2025Q4,2025Q3,commodity_growth,0.09963740285998843
System A,cpi_yoy,2025Q4,2025Q3,unemployment_rate,-0.0005820883369396702
System A,cpi_yoy,2025Q4,2025Q3,cpi_yoy,0.09192570285760744
System A,cpi_yoy,2025Q4,2025Q3,inflation_expectations_business,0.31291444757767134
System A,cpi_yoy,2025Q4,2025Q3,cash_rate,-0.21918933829393186
System A,cpi_yoy,2025Q4,2025Q4,baseline,2.9153346360034766
System A,cpi_yoy,2025Q4,2025Q4,commodity_growth,0.06275045754663747
System A,cpi_yoy,2025Q4,2025Q4,unemployment_rate,0.08051360950831227
System A,cpi_yoy,2025Q4,2025Q4,cpi_yoy,0.707475621448511
System A,cpi_yoy,2025Q4,2025Q4,inflation_expectations_business,0.3166448281177251
System A,cpi_yoy,2025Q4,2025Q4,cash_rate,-0.38271915262466744
System B,trimmed_mean_cpi_yoy,2025Q4,1995Q4,baseline,3.2974041187048284
System B,trimmed_mean_cpi_yoy,2025Q4,1995Q4,commodity_growth,-0.005847198908686323
System B,trimmed_mean_cpi_yoy,2025Q4,1995Q4,unemployment_rate,-0.013637222404235566
System B,trimmed_mean_cpi_yoy,2025Q4,1995Q4,trimmed_mean_cpi_yoy,-0.177919697391906
System B,trimmed_mean_cpi_yoy,2025Q4,1995Q4,inflation_expectations_business,0.0
System B,trimmed_mean_cpi_yoy,2025Q4,1995Q4,cash_rate,0.0
System B,trimmed_mean_cpi_yoy,2025Q4,1996Q1,baseline,3.5150142684715457
System B,trimmed_mean_cpi_yoy,2025Q4,1996Q1,commodity_growth,-0.012141337453404014
System B,trimmed_mean_cpi_yoy,2025Q4,1996Q1,unemployment_rate,-0.04047739289726203
System B,trimmed_mean_cpi_yoy,2025Q4,1996Q1,trimmed_mean_cpi_yoy,-0.20633027792226805
System B,trimmed_mean_cpi_yoy,2025Q4,1996Q1,inflation_expectations_business,-0.03972309428250573
System B,trimmed_mean_cpi_yoy,2025Q4,1996Q1,cash_rate,-0.016342165916104656
System B,trimmed_mean_cpi_yoy,2025Q4,1996Q2,baseline,3.5044390495176483
System B,trimmed_mean_cpi_yoy,2025Q4,1996Q2,commodity_growth,-0.029708037971917983
System B,trimmed_mean_cpi_yoy,2025Q4,1996Q2,unemployment_rate,-0.08603949376402782
System B,trimmed_mean_cpi_yoy,2025Q4,1996Q2,trimmed_mean_cpi_yoy,-0.26415354733133767
System B,trimmed_mean_cpi_yoy,2025Q4,1996Q2,inflation_expectations_business,-0.09653667400823855
System B,trimmed_mean_cpi_yoy,2025Q4,1996Q2,cash_rate,-0.02800129644212669
System B,trimmed_mean_cpi_yoy,2025Q4,1996Q3,baseline,3.323070409160163
System B,trimmed_mean_cpi_yoy,2025Q4,1996Q3,commodity_growth,-0.05087811114850983
System B,trimmed_mean_cpi_yoy,2025Q4,1996Q3,unemployment_rate,-0.21804729901969025
System B,trimmed_mean_cpi_yoy,2025Q4,1996Q3,trimmed_mean_cpi_yoy,-0.4230822459921074
System B,trimmed_mean_cpi_yoy,2025Q4,1996Q3,inflation_expectations_business,-0.1055412153098852
System B,trimmed_mean_cpi_yoy,2025Q4,1996Q3,cash_rate,-0.025521537689971046
System B,trimmed_mean_cpi_yoy,2025Q4,1996Q4,baseline,3.048291832353702
System B,trimmed_mean_cpi_yoy,2025Q4,1996Q4,commodity_growth,-0.03588859072625497
System B,trimmed_mean_cpi_yoy,2025Q4,1996Q4,unemployment_rate,-0.30849837863663837
System B,trimmed_mean_cpi_yoy,2025Q4,1996Q4,trimmed_mean_cpi_yoy,-0.37681884907530994
System B,trimmed_mean_cpi_yoy,2025Q4,1996Q4,inflation_expectations_business,-0.043027222222398104
System B,trimmed_mean_cpi_yoy,2025Q4,1996Q4,cash_rate,0.015941208306898106
System B,trimmed_mean_cpi_yoy,2025Q4,1997Q1,baseline,2.754098707024852
System B,trimmed_mean_cpi_yoy,2025Q4,1997Q1,commodity_growth,0.01941192303448889
System B,trimmed_mean_cpi_yoy,2025Q4,1997Q1,unemployment_rate,-0.43170122775861863
System B,trimmed_mean_cpi_yoy,2025Q4,1997Q1,trimmed_mean_cpi_yoy,-0.034758011302680025
System B,trimmed_mean_cpi_yoy,2025Q4,1997Q1,inflation_expectations_business,0.041065652113840015
System B,trimmed_mean_cpi_yoy,2025Q4,1997Q1,cash_rate,0.05188295688811578
System B,trimmed_mean_cpi_yoy,2025Q4,1997Q2,baseline,2.484777420590902
System B,trimmed_mean_cpi_yoy,2025Q4,1997Q2,commodity_growth,0.07916887389049847
System B,trimmed_mean_cpi_yoy,2025Q4,1997Q2,unemployment_rate,-0.5142514653829897
System B,trimmed_mean_cpi_yoy,2025Q4,1997Q2,trimmed_mean_cpi_yoy,-0.29161145581550785
System B,trimmed_mean_cpi_yoy,2025Q4,1997Q2,inflation_expectations_business,0.16575175320130367
System B,trimmed_mean_cpi_yoy,2025Q4,1997Q2,cash_rate,0.07616487351579176
System B,trimmed_mean_cpi_yoy,2025Q4,1997Q3,baseline,2.262933787106551
System B,trimmed_mean_cpi_yoy,2025Q4,1997Q3,commodity_growth,0.11818818313950966
System B,trimmed_mean_cpi_yoy,2025Q4,1997Q3,unemployment_rate,-0.5803165939564534
System B,trimmed_mean_cpi_yoy,2025Q4,1997Q3,trimmed_mean_cpi_yoy,-0.47783861467805383
System B,trimmed_mean_cpi_yoy,2025Q4,1997Q3,inflation_expectations_business,0.3156628945374665
System B,trimmed_mean_cpi_yoy,2025Q4,1997Q3,cash_rate,0.061370343850978386
System B,trimmed_mean_cpi_yoy,2025Q4,1997Q4,baseline,2.0934047349482103
System B,trimmed_mean_cpi_yoy,2025Q4,1997Q4,commodity_growth,0.17584576771393545
System B,trimmed_mean_cpi_yoy,2025Q4,1997Q4,unemployment_rate,-0.512606708206376
System B,trimmed_mean_cpi_yoy,2025Q4,1997Q4,trimmed_mean_cpi_yoy,-0.32663585520541144
System B,trimmed_mean_cpi_yoy,2025Q4,1997Q4,inflation_expectations_business,0.4257417868252402
System B,trimmed_mean_cpi_yoy,2025Q4,1997Q4,cash_rate,0.04425027392440034
System B,trimmed_mean_cpi_yoy,2025Q4,1998Q1,baseline,1.9729539491666865
System B,trimmed_mean_cpi_yoy,2025Q4,1998Q1,commodity_growth,0.18870294509112184
System B,trimmed_mean_cpi_yoy,2025Q4,1998Q1,unemployment_rate,-0.4714899882758076
System B,trimmed_mean_cpi_yoy,2025Q4,1998Q1,trimmed_mean_cpi_yoy,-0.4289007664310541
System B,trimmed_mean_cpi_yoy,2025Q4,1998Q1,inflation_expectations_business,0.46507980733999427
System B,trimmed_mean_cpi_yoy,2025Q4,1998Q1,cash_rate,-0.026345946890940858
System B,trimmed_mean_cpi_yoy,2025Q4,1998Q2,baseline,1.8940159803967171
System B,trimmed_mean_cpi_yoy,2025Q4,1998Q2,commodity_growth,0.14281938111255707
System B,trimmed_mean_cpi_yoy,2025Q4,1998Q2,unemployment_rate,-0.4102713316931499
System B,trimmed_mean_cpi_yoy,2025Q4,1998Q2,trimmed_mean_cpi_yoy,-0.18395575507973655
System B,trimmed_mean_cpi_yoy,2025Q4,1998Q2,inflation_expectations_business,0.5403462449011928
System B,trimmed_mean_cpi_yoy,2025Q4,1998Q2,cash_rate,-0.08295451963758013
System B,trimmed_mean_cpi_yoy,2025Q4,1998Q3,baseline,1.8485662727196817
System B,trimmed_mean_cpi_yoy,2025Q4,1998Q3,commodity_growth,0.09966460047913221
System B,trimmed_mean_cpi_yoy,2025Q4,1998Q3,unemployment_rate,-0.36048029920388996
System B,trimmed_mean_cpi_yoy,2025Q4,1998Q3,trimmed_mean_cpi_yoy,-0.03706495234819554
System B,trimmed_mean_cpi_yoy,2025Q4,1998Q3,inflation_expectations_business,0.5599786647526743
System B,trimmed_mean_cpi_yoy,2025Q4,1998Q3,cash_rate,-0.11066428639940129
System B,trimmed_mean_cpi_yoy,2025Q4,1998Q4,baseline,1.8291565706995792
System B,trimmed_mean_cpi_yoy,2025Q4,1998Q4,commodity_growth,0.013072144440213039
System B,trimmed_mean_cpi_yoy,2025Q4,1998Q4,unemployment_rate,-0.22657695789627835
System B,trimmed_mean_cpi_yoy,2025Q4,1998Q4,trimmed_mean_cpi_yoy,-0.32421606016591126
System B,trimmed_mean_cpi_yoy,2025Q4,1998Q4,inflation_expectations_business,0.5223587518378803
System B,trimmed_mean_cpi_yoy,2025Q4,1998Q4,cash_rate,-0.11379444891548054
System B,trimmed_mean_cpi_yoy,2025Q4,1999Q1,baseline,1.8297868162105053
System B,trimmed_mean_cpi_yoy,2025Q4,1999Q1,commodity_growth,-0.08922701348420965
System B,trimmed_mean_cpi_yoy,2025Q4,1999Q1,unemployment_rate,-0.1183377531997733
System B,trimmed_mean_cpi_yoy,2025Q4,1999Q1,trimmed_mean_cpi_yoy,-0.23536335403494638
System B,trimmed_mean_cpi_yoy,2025Q4,1999Q1,inflation_expectations_business,0.396978789266249
System B,trimmed_mean_cpi_yoy,2025Q4,1999Q1,cash_rate,-0.08383748475782112
System B,trimmed_mean_cpi_yoy,2025Q4,1999Q2,baseline,1.8457313271158562
System B,trimmed_mean_cpi_yoy,2025Q4,1999Q2,commodity_growth,-0.18362779318564415
System B,trimmed_mean_cpi_yoy,2025Q4,1999Q2,unemployment_rate,0.0130716742853134
System B,trimmed_mean_cpi_yoy,2025Q4,1999Q2,trimmed_mean_cpi_yoy,-0.13935941765738188
System B,trimmed_mean_cpi_yoy,2025Q4,1999Q2,inflation_expectations_business,0.19641333131992633
System B,trimmed_mean_cpi_yoy,2025Q4,1999Q2,cash_rate,-0.032229121878064995
System B,trimmed_mean_cpi_yoy,2025Q4,1999Q3,baseline,1.8733984677075797
System B,trimmed_mean_cpi_yoy,2025Q4,1999Q3,commodity_growth,-0.24258159926206807
System B,trimmed_mean_cpi_yoy,2025Q4,1999Q3,unemployment_rate,0.09553174651691566
System B,trimmed_mean_cpi_yoy,2025Q4,1999Q3,trimmed_mean_cpi_yoy,0.471609314125359
System B,trimmed_mean_cpi_yoy,2025Q4,1999Q3,inflation_expectations_business,-0.006004587221082094
System B,trimmed_mean_cpi_yoy,2025Q4,1999Q3,cash_rate,0.008046658133302083
System B,trimmed_mean_cpi_yoy,2025Q4,1999Q4,baseline,1.909960385434785
System B,trimmed_mean_cpi_yoy,2025Q4,1999Q4,commodity_growth,-0.2355126770531517
System B,trimmed_mean_cpi_yoy,2025Q4,1999Q4,unemployment_rate,0.22913760995848043
System B,trimmed_mean_cpi_yoy,2025Q4,1999Q4,trimmed_mean_cpi_yoy,0.6538651674777899
System B,trimmed_mean_cpi_yoy,2025Q4,1999Q4,inflation_expectations_business,-0.1961332281587884
System B,trimmed_mean_cpi_yoy,2025Q4,1999Q4,cash_rate,0.038682742340890044
System B,trimmed_mean_cpi_yoy,2025Q4,2000Q1,baseline,1.9531402225784893
System B,trimmed_mean_cpi_yoy,2025Q4,2000Q1,commodity_growth,-0.20780544892427333
System B,trimmed_mean_cpi_yoy,2025Q4,2000Q1,unemployment_rate,0.2508745239200554
System B,trimmed_mean_cpi_yoy,2025Q4,2000Q1,trimmed_mean_cpi_yoy,0.924856439139503
System B,trimmed_mean_cpi_yoy,2025Q4,2000Q1,inflation_expectations_business,-0.35990327360078256
System B,trimmed_mean_cpi_yoy,2025Q4,2000Q1,cash_rate,0.038837536887013545
System B,trimmed_mean_cpi_yoy,2025Q4,2000Q2,baseline,2.0010210456572985
System B,trimmed_mean_cpi_yoy,2025Q4,2000Q2,commodity_growth,-0.14784134274039995
System B,trimmed_mean_cpi_yoy,2025Q4,2000Q2,unemployment_rate,0.3122231343409543
System B,trimmed_mean_cpi_yoy,2025Q4,2000Q2,trimmed_mean_cpi_yoy,0.9503588693766851
System B,trimmed_mean_cpi_yoy,2025Q4,2000Q2,inflation_expectations_business,-0.42094523884208307
System B,trimmed_mean_cpi_yoy,2025Q4,2000Q2,cash_rate,0.005183532207549503
System B,trimmed_mean_cpi_yoy,2025Q4,2000Q3,baseline,2.0519683239240325
System B,trimmed_mean_cpi_yoy,2025Q4,2000Q3,commodity_growth,-0.09669630067768505
System B,trimmed_mean_cpi_yoy,2025Q4,2000Q3,unemployment_rate,0.30210577741825306
System B,trimmed_mean_cpi_yoy,2025Q4,2000Q3,trimmed_mean_cpi_yoy,0.3495256570453151
System B,trimmed_mean_cpi_yoy,2025Q4,2000Q3,inflation_expectations_business,-0.18200178714836082
System B,trimmed_mean_cpi_yoy,2025Q4,2000Q3,cash_rate,-0.024901670561551927
System B,trimmed_mean_cpi_yoy,2025Q4,2000Q4,baseline,2.1045793629280167
System B,trimmed_mean_cpi_yoy,2025Q4,2000Q4,commodity_growth,-0.060275156319877975
System B,trimmed_mean_cpi_yoy,2025Q4,2000Q4,unemployment_rate,0.22420761552667487
System B,trimmed_mean_cpi_yoy,2025Q4,2000Q4,trimmed_mean_cpi_yoy,0.08081074032426921
System B,trimmed_mean_cpi_yoy,2025Q4,2000Q4,inflation_expectations_business,0.08048679940407874
System B,trimmed_mean_cpi_yoy,2025Q4,2000Q4,cash_rate,-0.029809361863159516
System B,trimmed_mean_cpi_yoy,2025Q4,2001Q1,baseline,2.1576715685765464
System B,trimmed_mean_cpi_yoy,2025Q4,2001Q1,commodity_growth,-0.03270150150295195
System B,trimmed_mean_cpi_yoy,2025Q4,2001Q1,unemployment_rate,0.09287023902932015
System B,trimmed_mean_cpi_yoy,2025Q4,2001Q1,trimmed_mean_cpi_yoy,0.15229393090850246
System B,trimmed_mean_cpi_yoy,2025Q4,2001Q1,inflation_expectations_business,0.3606194940708258
System B,trimmed_mean_cpi_yoy,2025Q4,2001Q1,cash_rate,-0.03075373108224193
System B,trimmed_mean_cpi_yoy,2025Q4,2001Q2,baseline,2.2102700077258044
System B,trimmed_mean_cpi_yoy,2025Q4,2001Q2,commodity_growth,0.0034073548330651013
System B,trimmed_mean_cpi_yoy,2025Q4,2001Q2,unemployment_rate,-0.12749350522319786
System B,trimmed_mean_cpi_yoy,2025Q4,2001Q2,trimmed_mean_cpi_yoy,0.2962897662265068
System B,trimmed_mean_cpi_yoy,2025Q4,2001Q2,inflation_expectations_business,0.4957530883786163
System B,trimmed_mean_cpi_yoy,2025Q4,2001Q2,cash_rate,0.021773288059205614
System B,trimmed_mean_cpi_yoy,2025Q4,2001Q3,baseline,2.2615982614557737
System B,trimmed_mean_cpi_yoy,2025Q4,2001Q3,commodity_growth,0.07961170537807709
System B,trimmed_mean_cpi_yoy,2025Q4,2001Q3,unemployment_rate,-0.28421976900971235
System B,trimmed_mean_cpi_yoy,2025Q4,2001Q3,trimmed_mean_cpi_yoy,0.31728939869764194
System B,trimmed_mean_cpi_yoy,2025Q4,2001Q3,inflation_expectations_business,0.6303180909178295
System B,trimmed_mean_cpi_yoy,2025Q4,2001Q3,cash_rate,0.09540231256039051
System B,trimmed_mean_cpi_yoy,2025Q4,2001Q4,baseline,2.311061409815081
System B,trimmed_mean_cpi_yoy,2025Q4,2001Q4,commodity_growth,0.09616421693927747
System B,trimmed_mean_cpi_yoy,2025Q4,2001Q4,unemployment_rate,-0.4799978209629595
System B,trimmed_mean_cpi_yoy,2025Q4,2001Q4,trimmed_mean_cpi_yoy,0.5977127750447473
System B,trimmed_mean_cpi_yoy,2025Q4,2001Q4,inflation_expectations_business,0.681399513365033
System B,trimmed_mean_cpi_yoy,2025Q4,2001Q4,cash_rate,0.09365990579882089
System B,trimmed_mean_cpi_yoy,2025Q4,2002Q1,baseline,2.3582263949154383
System B,trimmed_mean_cpi_yoy,2025Q4,2002Q1,commodity_growth,0.0972177933820424
System B,trimmed_mean_cpi_yoy,2025Q4,2002Q1,unemployment_rate,-0.5014177066132252
System B,trimmed_mean_cpi_yoy,2025Q4,2002Q1,trimmed_mean_cpi_yoy,0.46144290731882226
System B,trimmed_mean_cpi_yoy,2025Q4,2002Q1,inflation_expectations_business,0.5907529543388368
System B,trimmed_mean_cpi_yoy,2025Q4,2002Q1,cash_rate,0.09377765665808327
System B,trimmed_mean_cpi_yoy,2025Q4,2002Q2,baseline,2.402798818355256
System B,trimmed_mean_cpi_yoy,2025Q4,2002Q2,commodity_growth,0.09196379399488928
System B,trimmed_mean_cpi_yoy,2025Q4,2002Q2,unemployment_rate,-0.48414849818530653
System B,trimmed_mean_cpi_yoy,2025Q4,2002Q2,trimmed_mean_cpi_yoy,0.42148261295686523
System B,trimmed_mean_cpi_yoy,2025Q4,2002Q2,inflation_expectations_business,0.41650253937098364
System B,trimmed_mean_cpi_yoy,2025Q4,2002Q2,cash_rate,0.051400733507308935
System B,trimmed_mean_cpi_yoy,2025Q4,2002Q3,baseline,2.444600043167221
System B,trimmed_mean_cpi_yoy,2025Q4,2002Q3,commodity_growth,0.06112280051246423
System B,trimmed_mean_cpi_yoy,2025Q4,2002Q3,unemployment_rate,-0.4234532316052575
System B,trimmed_mean_cpi_yoy,2025Q4,2002Q3,trimmed_mean_cpi_yoy,0.5818447996517356
System B,trimmed_mean_cpi_yoy,2025Q4,2002Q3,inflation_expectations_business,0.2634544992790739
System B,trimmed_mean_cpi_yoy,2025Q4,2002Q3,cash_rate,-0.027568911005240015
System B,trimmed_mean_cpi_yoy,2025Q4,2002Q4,baseline,2.483545199922532
System B,trimmed_mean_cpi_yoy,2025Q4,2002Q4,commodity_growth,0.046213542042880584
System B,trimmed_mean_cpi_yoy,2025Q4,2002Q4,unemployment_rate,-0.29492837591103316
System B,trimmed_mean_cpi_yoy,2025Q4,2002Q4,trimmed_mean_cpi_yoy,0.5280806307928326
System B,trimmed_mean_cpi_yoy,2025Q4,2002Q4,inflation_expectations_business,0.13483121909370216
System B,trimmed_mean_cpi_yoy,2025Q4,2002Q4,cash_rate,-0.09774221594091853
System B,trimmed_mean_cpi_yoy,2025Q4,2003Q1,baseline,2.519623708025249
System B,trimmed_mean_cpi_yoy,2025Q4,2003Q1,commodity_growth,-0.006022947758875344
System B,trimmed_mean_cpi_yoy,2025Q4,2003Q1,unemployment_rate,-0.15159179511835938
System B,trimmed_mean_cpi_yoy,2025Q4,2003Q1,trimmed_mean_cpi_yoy,0.685623409601281
System B,trimmed_mean_cpi_yoy,2025Q4,2003Q1,inflation_expectations_business,-0.01645057111044211
System B,trimmed_mean_cpi_yoy,2025Q4,2003Q1,cash_rate,-0.13118180363885668
System B,trimmed_mean_cpi_yoy,2025Q4,2003Q2,baseline,2.5528823281693285
System B,trimmed_mean_cpi_yoy,2025Q4,2003Q2,commodity_growth,-0.12319368102737674
System B,trimmed_mean_cpi_yoy,2025Q4,2003Q2,unemployment_rate,-0.04218701448934267
System B,trimmed_mean_cpi_yoy,2025Q4,2003Q2,trimmed_mean_cpi_yoy,0.6887877513346583
System B,trimmed_mean_cpi_yoy,2025Q4,2003Q2,inflation_expectations_business,-0.14076037477317913
System B,trimmed_mean_cpi_yoy,2025Q4,2003Q2,cash_rate,-0.13552900921409178
System B,trimmed_mean_cpi_yoy,2025Q4,2003Q3,baseline,2.583410964892079
System B,trimmed_mean_cpi_yoy,2025Q4,2003Q3,commodity_growth,-0.21055817780797478
System B,trimmed_mean_cpi_yoy,2025Q4,2003Q3,unemployment_rate,0.0849715305662877
System B,trimmed_mean_cpi_yoy,2025Q4,2003Q3,trimmed_mean_cpi_yoy,0.7195524895833265
System B,trimmed_mean_cpi_yoy,2025Q4,2003Q3,inflation_expectations_business,-0.2579589463810748
System B,trimmed_mean_cpi_yoy,2025Q4,2003Q3,cash_rate,-0.11941786085264723
System B,trimmed_mean_cpi_yoy,2025Q4,2003Q4,baseline,2.6113308511968336
System B,trimmed_mean_cpi_yoy,2025Q4,2003Q4,commodity_growth,-0.23296605603918996
System B,trimmed_mean_cpi_yoy,2025Q4,2003Q4,unemployment_rate,0.20887066502343515
System B,trimmed_mean_cpi_yoy,2025Q4,2003Q4,trimmed_mean_cpi_yoy,0.5746226347131373
System B,trimmed_mean_cpi_yoy,2025Q4,2003Q4,inflation_expectations_business,-0.36459128671777064
System B,trimmed_mean_cpi_yoy,2025Q4,2003Q4,cash_rate,-0.09726680817644756
System B,trimmed_mean_cpi_yoy,2025Q4,2004Q1,baseline,2.6367848823638753
System B,trimmed_mean_cpi_yoy,2025Q4,2004Q1,commodity_growth,-0.2656178608035068
System B,trimmed_mean_cpi_yoy,2025Q4,2004Q1,unemployment_rate,0.3135101833067073
System B,trimmed_mean_cpi_yoy,2025Q4,2004Q1,trimmed_mean_cpi_yoy,0.4957991044741858
System B,trimmed_mean_cpi_yoy,2025Q4,2004Q1,inflation_expectations_business,-0.48509218877632165
System B,trimmed_mean_cpi_yoy,2025Q4,2004Q1,cash_rate,-0.09538412056494155
System B,trimmed_mean_cpi_yoy,2025Q4,2004Q2,baseline,2.6599297321848496
System B,trimmed_mean_cpi_yoy,2025Q4,2004Q2,commodity_growth,-0.21334533687016716
System B,trimmed_mean_cpi_yoy,2025Q4,2004Q2,unemployment_rate,0.3882533584725594
System B,trimmed_mean_cpi_yoy,2025Q4,2004Q2,trimmed_mean_cpi_yoy,0.49958805753517593
System B,trimmed_mean_cpi_yoy,2025Q4,2004Q2,inflation_expectations_business,-0.6326765674501768
System B,trimmed_mean_cpi_yoy,2025Q4,2004Q2,cash_rate,-0.1017492438722423
System B,trimmed_mean_cpi_yoy,2025Q4,2004Q3,baseline,2.6809295009623106
System B,trimmed_mean_cpi_yoy,2025Q4,2004Q3,commodity_growth,-0.11910526399574778
System B,trimmed_mean_cpi_yoy,2025Q4,2004Q3,unemployment_rate,0.41073353615088615
System B,trimmed_mean_cpi_yoy,2025Q4,2004Q3,trimmed_mean_cpi_yoy,0.4071548665883694
System B,trimmed_mean_cpi_yoy,2025Q4,2004Q3,inflation_expectations_business,-0.6919719828465404
System B,trimmed_mean_cpi_yoy,2025Q4,2004Q3,cash_rate,-0.08774065685927862
System B,trimmed_mean_cpi_yoy,2025Q4,2004Q4,baseline,2.6999506428937963
System B,trimmed_mean_cpi_yoy,2025Q4,2004Q4,commodity_growth,-0.1076739914150966
System B,trimmed_mean_cpi_yoy,2025Q4,2004Q4,unemployment_rate,0.5188598971365226
System B,trimmed_mean_cpi_yoy,2025Q4,2004Q4,trimmed_mean_cpi_yoy,0.3047161869912947
System B,trimmed_mean_cpi_yoy,2025Q4,2004Q4,inflation_expectations_business,-0.6447371182022715
System B,trimmed_mean_cpi_yoy,2025Q4,2004Q4,cash_rate,-0.071115617404247
System B,trimmed_mean_cpi_yoy,2025Q4,2005Q1,baseline,2.717157990266292
System B,trimmed_mean_cpi_yoy,2025Q4,2005Q1,commodity_growth,-0.11337491092328944
System B,trimmed_mean_cpi_yoy,2025Q4,2005Q1,unemployment_rate,0.5354842818484854
System B,trimmed_mean_cpi_yoy,2025Q4,2005Q1,trimmed_mean_cpi_yoy,0.20559433821144174
System B,trimmed_mean_cpi_yoy,2025Q4,2005Q1,inflation_expectations_business,-0.5935164680967931
System B,trimmed_mean_cpi_yoy,2025Q4,2005Q1,cash_rate,-0.05134523130613866
System B,trimmed_mean_cpi_yoy,2025Q4,2005Q2,baseline,2.7327117058395505
System B,trimmed_mean_cpi_yoy,2025Q4,2005Q2,commodity_growth,-0.02669532141367665
System B,trimmed_mean_cpi_yoy,2025Q4,2005Q2,unemployment_rate,0.5505273368775164
System B,trimmed_mean_cpi_yoy,2025Q4,2005Q2,trimmed_mean_cpi_yoy,0.013961575687859284
System B,trimmed_mean_cpi_yoy,2025Q4,2005Q2,inflation_expectations_business,-0.5310020179994823
System B,trimmed_mean_cpi_yoy,2025Q4,2005Q2,cash_rate,-0.039503278991770835
System B,trimmed_mean_cpi_yoy,2025Q4,2005Q3,baseline,2.7467650274070454
System B,trimmed_mean_cpi_yoy,2025Q4,2005Q3,commodity_growth,0.08322166115589309
System B,trimmed_mean_cpi_yoy,2025Q4,2005Q3,unemployment_rate,0.5727471019664537
System B,trimmed_mean_cpi_yoy,2025Q4,2005Q3,trimmed_mean_cpi_yoy,-0.21290643707366275
System B,trimmed_mean_cpi_yoy,2025Q4,2005Q3,inflation_expectations_business,-0.4514887325163143
System B,trimmed_mean_cpi_yoy,2025Q4,2005Q3,cash_rate,-0.038338620939419456
System B,trimmed_mean_cpi_yoy,2025Q4,2005Q4,baseline,2.7594626781629095
System B,trimmed_mean_cpi_yoy,2025Q4,2005Q4,commodity_growth,0.11637127333127334
System B,trimmed_mean_cpi_yoy,2025Q4,2005Q4,unemployment_rate,0.54743856851745
System B,trimmed_mean_cpi_yoy,2025Q4,2005Q4,trimmed_mean_cpi_yoy,-0.38198270627142733
System B,trimmed_mean_cpi_yoy,2025Q4,2005Q4,inflation_expectations_business,-0.4144482615299071
System B,trimmed_mean_cpi_yoy,2025Q4,2005Q4,cash_rate,-0.026841552210302343
System B,trimmed_mean_cpi_yoy,2025Q4,2006Q1,baseline,2.770939832719284
System B,trimmed_mean_cpi_yoy,2025Q4,2006Q1,commodity_growth,0.14849212497136294
System B,trimmed_mean_cpi_yoy,2025Q4,2006Q1,unemployment_rate,0.5033287175388195
System B,trimmed_mean_cpi_yoy,2025Q4,2006Q1,trimmed_mean_cpi_yoy,-0.2098626453173287
System B,trimmed_mean_cpi_yoy,2025Q4,2006Q1,inflation_expectations_business,-0.3931121366295198
System B,trimmed_mean_cpi_yoy,2025Q4,2006Q1,cash_rate,-0.019785893282622393
System B,trimmed_mean_cpi_yoy,2025Q4,2006Q2,baseline,2.781321537386315
System B,trimmed_mean_cpi_yoy,2025Q4,2006Q2,commodity_growth,0.1861126940114486
System B,trimmed_mean_cpi_yoy,2025Q4,2006Q2,unemployment_rate,0.499398194010811
System B,trimmed_mean_cpi_yoy,2025Q4,2006Q2,trimmed_mean_cpi_yoy,-0.10411415826899986
System B,trimmed_mean_cpi_yoy,2025Q4,2006Q2,inflation_expectations_business,-0.3615522693484445
System B,trimmed_mean_cpi_yoy,2025Q4,2006Q2,cash_rate,-0.0011659977911350444
System B,trimmed_mean_cpi_yoy,2025Q4,2006Q3,baseline,2.7907224954034078
System B,trimmed_mean_cpi_yoy,2025Q4,2006Q3,commodity_growth,0.1637907933453461
System B,trimmed_mean_cpi_yoy,2025Q4,2006Q3,unemployment_rate,0.48576789697169026
System B,trimmed_mean_cpi_yoy,2025Q4,2006Q3,trimmed_mean_cpi_yoy,-0.13246943123180538
System B,trimmed_mean_cpi_yoy,2025Q4,2006Q3,inflation_expectations_business,-0.2290169436810211
System B,trimmed_mean_cpi_yoy,2025Q4,2006Q3,cash_rate,0.021205189192378404
System B,trimmed_mean_cpi_yoy,2025Q4,2006Q4,baseline,2.7992471377245405
System B,trimmed_mean_cpi_yoy,2025Q4,2006Q4,commodity_growth,0.07239767763067041
System B,trimmed_mean_cpi_yoy,2025Q4,2006Q4,unemployment_rate,0.5267904874518865
System B,trimmed_mean_cpi_yoy,2025Q4,2006Q4,trimmed_mean_cpi_yoy,-0.3163484343338831
System B,trimmed_mean_cpi_yoy,2025Q4,2006Q4,inflation_expectations_business,-0.1186885546764805
System B,trimmed_mean_cpi_yoy,2025Q4,2006Q4,cash_rate,0.03660168620326213
System B,trimmed_mean_cpi_yoy,2025Q4,2007Q1,baseline,2.806989911106278
System B,trimmed_mean_cpi_yoy,2025Q4,2007Q1,commodity_growth,-0.027989870978272876
System B,trimmed_mean_cpi_yoy,2025Q4,2007Q1,unemployment_rate,0.5358332900726968
System B,trimmed_mean_cpi_yoy,2025Q4,2007Q1,trimmed_mean_cpi_yoy,-0.6161628365929394
System B,trimmed_mean_cpi_yoy,2025Q4,2007Q1,inflation_expectations_business,-0.037435118029306415
System B,trimmed_mean_cpi_yoy,2025Q4,2007Q1,cash_rate,0.038764624421539357
System B,trimmed_mean_cpi_yoy,2025Q4,2007Q2,baseline,2.814035725233602
System B,trimmed_mean_cpi_yoy,2025Q4,2007Q2,commodity_growth,-0.11230936602753534
System B,trimmed_mean_cpi_yoy,2025Q4,2007Q2,unemployment_rate,0.6395712222508035
System B,trimmed_mean_cpi_yoy,2025Q4,2007Q2,trimmed_mean_cpi_yoy,-0.6100084272350642
System B,trimmed_mean_cpi_yoy,2025Q4,2007Q2,inflation_expectations_business,0.028822644317831568
System B,trimmed_mean_cpi_yoy,2025Q4,2007Q2,cash_rate,0.03988820146035684
System B,trimmed_mean_cpi_yoy,2025Q4,2007Q3,baseline,2.820460510416339
System B,trimmed_mean_cpi_yoy,2025Q4,2007Q3,commodity_growth,-0.19470970908658772
System B,trimmed_mean_cpi_yoy,2025Q4,2007Q3,unemployment_rate,0.7082757796840128
System B,trimmed_mean_cpi_yoy,2025Q4,2007Q3,trimmed_mean_cpi_yoy,-0.6099670835381918
System B,trimmed_mean_cpi_yoy,2025Q4,2007Q3,inflation_expectations_business,0.1314686768703436
System B,trimmed_mean_cpi_yoy,2025Q4,2007Q3,cash_rate,0.04447182565408004
System B,trimmed_mean_cpi_yoy,2025Q4,2007Q4,baseline,2.8263318460201843
System B,trimmed_mean_cpi_yoy,2025Q4,2007Q4,commodity_growth,-0.26129797691908546
System B,trimmed_mean_cpi_yoy,2025Q4,2007Q4,unemployment_rate,0.7509574209177404
System B,trimmed_mean_cpi_yoy,2025Q4,2007Q4,trimmed_mean_cpi_yoy,0.022393739933103386
System B,trimmed_mean_cpi_yoy,2025Q4,2007Q4,inflation_expectations_business,0.2407173246611731
System B,trimmed_mean_cpi_yoy,2025Q4,2007Q4,cash_rate,0.020897645386880742
System B,trimmed_mean_cpi_yoy,2025Q4,2008Q1,baseline,2.8317096276059903
System B,trimmed_mean_cpi_yoy,2025Q4,2008Q1,commodity_growth,-0.26329772149322694
System B,trimmed_mean_cpi_yoy,2025Q4,2008Q1,unemployment_rate,0.8583799199262142
System B,trimmed_mean_cpi_yoy,2025Q4,2008Q1,trimmed_mean_cpi_yoy,0.44258616604975
System B,trimmed_mean_cpi_yoy,2025Q4,2008Q1,inflation_expectations_business,0.3501781644956667
System B,trimmed_mean_cpi_yoy,2025Q4,2008Q1,cash_rate,-0.01955615658439563
System B,trimmed_mean_cpi_yoy,2025Q4,2008Q2,baseline,2.836646747440499
System B,trimmed_mean_cpi_yoy,2025Q4,2008Q2,commodity_growth,-0.16305834677458958
System B,trimmed_mean_cpi_yoy,2025Q4,2008Q2,unemployment_rate,0.8280354469096178
System B,trimmed_mean_cpi_yoy,2025Q4,2008Q2,trimmed_mean_cpi_yoy,0.567978731416464
System B,trimmed_mean_cpi_yoy,2025Q4,2008Q2,inflation_expectations_business,0.40037622588791705
System B,trimmed_mean_cpi_yoy,2025Q4,2008Q2,cash_rate,-0.069978804879908
System B,trimmed_mean_cpi_yoy,2025Q4,2008Q3,baseline,2.8411897688177126
System B,trimmed_mean_cpi_yoy,2025Q4,2008Q3,commodity_growth,0.03434090543251035
System B,trimmed_mean_cpi_yoy,2025Q4,2008Q3,unemployment_rate,0.8097234193878409
System B,trimmed_mean_cpi_yoy,2025Q4,2008Q3,trimmed_mean_cpi_yoy,0.7239360422085714
System B,trimmed_mean_cpi_yoy,2025Q4,2008Q3,inflation_expectations_business,0.5240926576897365
System B,trimmed_mean_cpi_yoy,2025Q4,2008Q3,cash_rate,-0.13328279353637243
System B,trimmed_mean_cpi_yoy,2025Q4,2008Q4,baseline,2.8453795794703574
System B,trimmed_mean_cpi_yoy,2025Q4,2008Q4,commodity_growth,0.26551004496315805
System B,trimmed_mean_cpi_yoy,2025Q4,2008Q4,unemployment_rate,0.7162024862339675
System B,trimmed_mean_cpi_yoy,2025Q4,2008Q4,trimmed_mean_cpi_yoy,0.13495632474012012
System B,trimmed_mean_cpi_yoy,2025Q4,2008Q4,inflation_expectations_business,0.5223683819535988
System B,trimmed_mean_cpi_yoy,2025Q4,2008Q4,cash_rate,-0.18441681736120275
System B,trimmed_mean_cpi_yoy,2025Q4,2009Q1,baseline,2.8492520134087282
System B,trimmed_mean_cpi_yoy,2025Q4,2009Q1,commodity_growth,0.4011790769942772
System B,trimmed_mean_cpi_yoy,2025Q4,2009Q1,unemployment_rate,0.5118167516019615
System B,trimmed_mean_cpi_yoy,2025Q4,2009Q1,trimmed_mean_cpi_yoy,0.10060875531115576
System B,trimmed_mean_cpi_yoy,2025Q4,2009Q1,inflation_expectations_business,0.3678192639849566
System B,trimmed_mean_cpi_yoy,2025Q4,2009Q1,cash_rate,-0.1306758613010802
System B,trimmed_mean_cpi_yoy,2025Q4,2009Q2,baseline,2.8528384338590085
System B,trimmed_mean_cpi_yoy,2025Q4,2009Q2,commodity_growth,0.3715026125819832
System B,trimmed_mean_cpi_yoy,2025Q4,2009Q2,unemployment_rate,0.3815351052441417
System B,trimmed_mean_cpi_yoy,2025Q4,2009Q2,trimmed_mean_cpi_yoy,0.1057764550705867
System B,trimmed_mean_cpi_yoy,2025Q4,2009Q2,inflation_expectations_business,0.04058690228030239
System B,trimmed_mean_cpi_yoy,2025Q4,2009Q2,cash_rate,-0.15223950903602185
System B,trimmed_mean_cpi_yoy,2025Q4,2009Q3,baseline,2.8561662726973003
System B,trimmed_mean_cpi_yoy,2025Q4,2009Q3,commodity_growth,0.3304738784770008
System B,trimmed_mean_cpi_yoy,2025Q4,2009Q3,unemployment_rate,0.23505765392758024
System B,trimmed_mean_cpi_yoy,2025Q4,2009Q3,trimmed_mean_cpi_yoy,0.13449400142594806
System B,trimmed_mean_cpi_yoy,2025Q4,2009Q3,inflation_expectations_business,-0.18837827700868934
System B,trimmed_mean_cpi_yoy,2025Q4,2009Q3,cash_rate,-0.2678135295191379
System B,trimmed_mean_cpi_yoy,2025Q4,2009Q4,baseline,2.859259523958837
System B,trimmed_mean_cpi_yoy,2025Q4,2009Q4,commodity_growth,0.3073965422265074
System B,trimmed_mean_cpi_yoy,2025Q4,2009Q4,unemployment_rate,0.1375968185777575
System B,trimmed_mean_cpi_yoy,2025Q4,2009Q4,trimmed_mean_cpi_yoy,0.5902531685916127
System B,trimmed_mean_cpi_yoy,2025Q4,2009Q4,inflation_expectations_business,-0.29329949756324203
System B,trimmed_mean_cpi_yoy,2025Q4,2009Q4,cash_rate,-0.4012065557914693
System B,trimmed_mean_cpi_yoy,2025Q4,2010Q1,baseline,2.8621391907267317
System B,trimmed_mean_cpi_yoy,2025Q4,2010Q1,commodity_growth,0.25297661925557013
System B,trimmed_mean_cpi_yoy,2025Q4,2010Q1,unemployment_rate,0.09222847710542016
System B,trimmed_mean_cpi_yoy,2025Q4,2010Q1,trimmed_mean_cpi_yoy,0.7797778275829922
System B,trimmed_mean_cpi_yoy,2025Q4,2010Q1,inflation_expectations_business,-0.36531478418839486
System B,trimmed_mean_cpi_yoy,2025Q4,2010Q1,cash_rate,-0.5218073304823155
System B,trimmed_mean_cpi_yoy,2025Q4,2010Q2,baseline,2.8648236860333585
System B,trimmed_mean_cpi_yoy,2025Q4,2010Q2,commodity_growth,0.3108012018086762
System B,trimmed_mean_cpi_yoy,2025Q4,2010Q2,unemployment_rate,0.034533084267919026
System B,trimmed_mean_cpi_yoy,2025Q4,2010Q2,trimmed_mean_cpi_yoy,0.6393648021301359
System B,trimmed_mean_cpi_yoy,2025Q4,2010Q2,inflation_expectations_business,-0.4757949259150506
System B,trimmed_mean_cpi_yoy,2025Q4,2010Q2,cash_rate,-0.5737278483250354
System B,trimmed_mean_cpi_yoy,2025Q4,2010Q3,baseline,2.867329189403211
System B,trimmed_mean_cpi_yoy,2025Q4,2010Q3,commodity_growth,0.37349829541733365
System B,trimmed_mean_cpi_yoy,2025Q4,2010Q3,unemployment_rate,0.02064385069956906
System B,trimmed_mean_cpi_yoy,2025Q4,2010Q3,trimmed_mean_cpi_yoy,0.4583638253851586
System B,trimmed_mean_cpi_yoy,2025Q4,2010Q3,inflation_expectations_business,-0.5235945329532407
System B,trimmed_mean_cpi_yoy,2025Q4,2010Q3,cash_rate,-0.5962406279520298
System B,trimmed_mean_cpi_yoy,2025Q4,2010Q4,baseline,2.8696699613810126
System B,trimmed_mean_cpi_yoy,2025Q4,2010Q4,commodity_growth,0.2811444629625078
System B,trimmed_mean_cpi_yoy,2025Q4,2010Q4,unemployment_rate,0.022414942238031064
System B,trimmed_mean_cpi_yoy,2025Q4,2010Q4,trimmed_mean_cpi_yoy,0.17356123900751366
System B,trimmed_mean_cpi_yoy,2025Q4,2010Q4,inflation_expectations_business,-0.6228653840622466
System B,trimmed_mean_cpi_yoy,2025Q4,2010Q4,cash_rate,-0.5239252215268179
System B,trimmed_mean_cpi_yoy,2025Q4,2011Q1,baseline,2.871858618872363
System B,trimmed_mean_cpi_yoy,2025Q4,2011Q1,commodity_growth,0.2471404035904832
System B,trimmed_mean_cpi_yoy,2025Q4,2011Q1,unemployment_rate,0.009329720078424251
System B,trimmed_mean_cpi_yoy,2025Q4,2011Q1,trimmed_mean_cpi_yoy,0.16701927402977723
System B,trimmed_mean_cpi_yoy,2025Q4,2011Q1,inflation_expectations_business,-0.674637780930517
System B,trimmed_mean_cpi_yoy,2025Q4,2011Q1,cash_rate,-0.4207102356405296
System B,trimmed_mean_cpi_yoy,2025Q4,2011Q2,baseline,2.8739063744185467
System B,trimmed_mean_cpi_yoy,2025Q4,2011Q2,commodity_growth,0.2847509770297746
System B,trimmed_mean_cpi_yoy,2025Q4,2011Q2,unemployment_rate,0.007341715017546182
System B,trimmed_mean_cpi_yoy,2025Q4,2011Q2,trimmed_mean_cpi_yoy,0.5142443690673513
System B,trimmed_mean_cpi_yoy,2025Q4,2011Q2,inflation_expectations_business,-0.6957364331661299
System B,trimmed_mean_cpi_yoy,2025Q4,2011Q2,cash_rate,-0.2845070023670882
System B,trimmed_mean_cpi_yoy,2025Q4,2011Q3,baseline,2.875823242670257
System B,trimmed_mean_cpi_yoy,2025Q4,2011Q3,commodity_growth,0.24634570593007069
System B,trimmed_mean_cpi_yoy,2025Q4,2011Q3,unemployment_rate,-0.06765935237393526
System B,trimmed_mean_cpi_yoy,2025Q4,2011Q3,trimmed_mean_cpi_yoy,0.2007053220266774
System B,trimmed_mean_cpi_yoy,2025Q4,2011Q3,inflation_expectations_business,-0.6239490561319874
System B,trimmed_mean_cpi_yoy,2025Q4,2011Q3,cash_rate,-0.13126586212108288
System B,trimmed_mean_cpi_yoy,2025Q4,2011Q4,baseline,2.87761821734947
System B,trimmed_mean_cpi_yoy,2025Q4,2011Q4,commodity_growth,0.15251482190891
System B,trimmed_mean_cpi_yoy,2025Q4,2011Q4,unemployment_rate,-0.06429016362732325
System B,trimmed_mean_cpi_yoy,2025Q4,2011Q4,trimmed_mean_cpi_yoy,0.3127343790346577
System B,trimmed_mean_cpi_yoy,2025Q4,2011Q4,inflation_expectations_business,-0.5550356835921579
System B,trimmed_mean_cpi_yoy,2025Q4,2011Q4,cash_rate,-0.02354157107355693
System B,trimmed_mean_cpi_yoy,2025Q4,2012Q1,baseline,2.8792994219226467
System B,trimmed_mean_cpi_yoy,2025Q4,2012Q1,commodity_growth,0.030726825396675934
System B,trimmed_mean_cpi_yoy,2025Q4,2012Q1,unemployment_rate,-0.061597015787138186
System B,trimmed_mean_cpi_yoy,2025Q4,2012Q1,trimmed_mean_cpi_yoy,-0.10369331300839651
System B,trimmed_mean_cpi_yoy,2025Q4,2012Q1,inflation_expectations_business,-0.5086899256314739
System B,trimmed_mean_cpi_yoy,2025Q4,2012Q1,cash_rate,0.06395400710768541
System B,trimmed_mean_cpi_yoy,2025Q4,2012Q2,baseline,2.880874237075428
System B,trimmed_mean_cpi_yoy,2025Q4,2012Q2,commodity_growth,-0.03750875321690543
System B,trimmed_mean_cpi_yoy,2025Q4,2012Q2,unemployment_rate,-0.04463717157090951
System B,trimmed_mean_cpi_yoy,2025Q4,2012Q2,trimmed_mean_cpi_yoy,-0.45642876606903543
System B,trimmed_mean_cpi_yoy,2025Q4,2012Q2,inflation_expectations_business,-0.45035834394213137
System B,trimmed_mean_cpi_yoy,2025Q4,2012Q2,cash_rate,0.10805879772355406
System B,trimmed_mean_cpi_yoy,2025Q4,2012Q3,baseline,2.882349407898855
System B,trimmed_mean_cpi_yoy,2025Q4,2012Q3,commodity_growth,-0.10823332463659013
System B,trimmed_mean_cpi_yoy,2025Q4,2012Q3,unemployment_rate,-0.04618330811838505
System B,trimmed_mean_cpi_yoy,2025Q4,2012Q3,trimmed_mean_cpi_yoy,-0.30729561709542974
System B,trimmed_mean_cpi_yoy,2025Q4,2012Q3,inflation_expectations_business,-0.24001412738125133
System B,trimmed_mean_cpi_yoy,2025Q4,2012Q3,cash_rate,0.1193769693328006
System B,trimmed_mean_cpi_yoy,2025Q4,2012Q4,baseline,2.88373113348597
System B,trimmed_mean_cpi_yoy,2025Q4,2012Q4,commodity_growth,-0.2213125983191183
System B,trimmed_mean_cpi_yoy,2025Q4,2012Q4,unemployment_rate,0.0108970672239976
System B,trimmed_mean_cpi_yoy,2025Q4,2012Q4,trimmed_mean_cpi_yoy,-0.4831288043785295
System B,trimmed_mean_cpi_yoy,2025Q4,2012Q4,inflation_expectations_business,-0.07674009952118085
System B,trimmed_mean_cpi_yoy,2025Q4,2012Q4,cash_rate,0.08655330150886165
System B,trimmed_mean_cpi_yoy,2025Q4,2013Q1,baseline,2.8850251414085912
System B,trimmed_mean_cpi_yoy,2025Q4,2013Q1,commodity_growth,-0.20238544023744934
System B,trimmed_mean_cpi_yoy,2025Q4,2013Q1,unemployment_rate,0.017358116816092162
System B,trimmed_mean_cpi_yoy,2025Q4,2013Q1,trimmed_mean_cpi_yoy,-0.3894012772156711
System B,trimmed_mean_cpi_yoy,2025Q4,2013Q1,inflation_expectations_business,-0.017780702060726968
System B,trimmed_mean_cpi_yoy,2025Q4,2013Q1,cash_rate,0.007184161289164855
System B,trimmed_mean_cpi_yoy,2025Q4,2013Q2,baseline,2.886236749307418
System B,trimmed_mean_cpi_yoy,2025Q4,2013Q2,commodity_growth,-0.1310992049237348
System B,trimmed_mean_cpi_yoy,2025Q4,2013Q2,unemployment_rate,0.009301818753093924
System B,trimmed_mean_cpi_yoy,2025Q4,2013Q2,trimmed_mean_cpi_yoy,-0.18261035394777195
System B,trimmed_mean_cpi_yoy,2025Q4,2013Q2,inflation_expectations_business,-0.08270374753727587
System B,trimmed_mean_cpi_yoy,2025Q4,2013Q2,cash_rate,-0.09912526165172757
System B,trimmed_mean_cpi_yoy,2025Q4,2013Q3,baseline,2.8873709155924274
System B,trimmed_mean_cpi_yoy,2025Q4,2013Q3,commodity_growth,-0.09429490643559324
System B,trimmed_mean_cpi_yoy,2025Q4,2013Q3,unemployment_rate,-0.054368666365417054
System B,trimmed_mean_cpi_yoy,2025Q4,2013Q3,trimmed_mean_cpi_yoy,-0.05880876271153585
System B,trimmed_mean_cpi_yoy,2025Q4,2013Q3,inflation_expectations_business,-0.09537058225191396
System B,trimmed_mean_cpi_yoy,2025Q4,2013Q3,cash_rate,-0.18452799782796603
System B,trimmed_mean_cpi_yoy,2025Q4,2013Q4,baseline,2.8884322810209007
System B,trimmed_mean_cpi_yoy,2025Q4,2013Q4,commodity_growth,-0.038226144223419696
System B,trimmed_mean_cpi_yoy,2025Q4,2013Q4,unemployment_rate,-0.12052177809371746
System B,trimmed_mean_cpi_yoy,2025Q4,2013Q4,trimmed_mean_cpi_yoy,0.29653174763498985
System B,trimmed_mean_cpi_yoy,2025Q4,2013Q4,inflation_expectations_business,-0.08694634122498854
System B,trimmed_mean_cpi_yoy,2025Q4,2013Q4,cash_rate,-0.23926976511376366
System B,trimmed_mean_cpi_yoy,2025Q4,2014Q1,baseline,2.8894252027016867
System B,trimmed_mean_cpi_yoy,2025Q4,2014Q1,commodity_growth,0.0004917983335503564
System B,trimmed_mean_cpi_yoy,2025Q4,2014Q1,unemployment_rate,-0.22508750280920428
System B,trimmed_mean_cpi_yoy,2025Q4,2014Q1,trimmed_mean_cpi_yoy,0.3870857517857333
System B,trimmed_mean_cpi_yoy,2025Q4,2014Q1,inflation_expectations_business,-0.07720615640569864
System B,trimmed_mean_cpi_yoy,2025Q4,2014Q1,cash_rate,-0.2747090936060672
System B,trimmed_mean_cpi_yoy,2025Q4,2014Q2,baseline,2.8903537818696026
System B,trimmed_mean_cpi_yoy,2025Q4,2014Q2,commodity_growth,-0.03906440328089271
System B,trimmed_mean_cpi_yoy,2025Q4,2014Q2,unemployment_rate,-0.3050307095407667
System B,trimmed_mean_cpi_yoy,2025Q4,2014Q2,trimmed_mean_cpi_yoy,0.6423689999488466
System B,trimmed_mean_cpi_yoy,2025Q4,2014Q2,inflation_expectations_business,-0.10143282564884136
System B,trimmed_mean_cpi_yoy,2025Q4,2014Q2,cash_rate,-0.2871948433479487
System B,trimmed_mean_cpi_yoy,2025Q4,2014Q3,baseline,2.8912218865850923
System B,trimmed_mean_cpi_yoy,2025Q4,2014Q3,commodity_growth,-0.14387423073338532
System B,trimmed_mean_cpi_yoy,2025Q4,2014Q3,unemployment_rate,-0.4630029182693564
System B,trimmed_mean_cpi_yoy,2025Q4,2014Q3,trimmed_mean_cpi_yoy,0.46565478097470653
System B,trimmed_mean_cpi_yoy,2025Q4,2014Q3,inflation_expectations_business,-0.09177011700420477
System B,trimmed_mean_cpi_yoy,2025Q4,2014Q3,cash_rate,-0.2582294015528521
System B,trimmed_mean_cpi_yoy,2025Q4,2014Q4,baseline,2.8920331703424402
System B,trimmed_mean_cpi_yoy,2025Q4,2014Q4,commodity_growth,-0.1842288296432709
System B,trimmed_mean_cpi_yoy,2025Q4,2014Q4,unemployment_rate,-0.5570598410541078
System B,trimmed_mean_cpi_yoy,2025Q4,2014Q4,trimmed_mean_cpi_yoy,0.3625429460625275
System B,trimmed_mean_cpi_yoy,2025Q4,2014Q4,inflation_expectations_business,-0.09296987642417724
System B,trimmed_mean_cpi_yoy,2025Q4,2014Q4,cash_rate,-0.2203175692834126
System B,trimmed_mean_cpi_yoy,2025Q4,2015Q1,baseline,2.892791087415361
System B,trimmed_mean_cpi_yoy,2025Q4,2015Q1,commodity_growth,-0.1952802289333217
System B,trimmed_mean_cpi_yoy,2025Q4,2015Q1,unemployment_rate,-0.6483334025138406
System B,trimmed_mean_cpi_yoy,2025Q4,2015Q1,trimmed_mean_cpi_yoy,0.5069227127968662
System B,trimmed_mean_cpi_yoy,2025Q4,2015Q1,inflation_expectations_business,-0.0775389952510143
System B,trimmed_mean_cpi_yoy,2025Q4,2015Q1,cash_rate,-0.17856117351405168
System B,trimmed_mean_cpi_yoy,2025Q4,2015Q2,baseline,2.893498905631394
System B,trimmed_mean_cpi_yoy,2025Q4,2015Q2,commodity_growth,-0.2660745037060133
System B,trimmed_mean_cpi_yoy,2025Q4,2015Q2,unemployment_rate,-0.6581669432653897
System B,trimmed_mean_cpi_yoy,2025Q4,2015Q2,trimmed_mean_cpi_yoy,0.3790585326001878
System B,trimmed_mean_cpi_yoy,2025Q4,2015Q2,inflation_expectations_business,-0.03688188352617083
System B,trimmed_mean_cpi_yoy,2025Q4,2015Q2,cash_rate,-0.1114341077340089
System B,trimmed_mean_cpi_yoy,2025Q4,2015Q3,baseline,2.89415971714571
System B,trimmed_mean_cpi_yoy,2025Q4,2015Q3,commodity_growth,-0.3160212665462887
System B,trimmed_mean_cpi_yoy,2025Q4,2015Q3,unemployment_rate,-0.725224258040803
System B,trimmed_mean_cpi_yoy,2025Q4,2015Q3,trimmed_mean_cpi_yoy,0.25577312596612445
System B,trimmed_mean_cpi_yoy,2025Q4,2015Q3,inflation_expectations_business,0.03242076929550243
System B,trimmed_mean_cpi_yoy,2025Q4,2015Q3,cash_rate,-0.04110808782024665
System B,trimmed_mean_cpi_yoy,2025Q4,2015Q4,baseline,2.894776447679703
System B,trimmed_mean_cpi_yoy,2025Q4,2015Q4,commodity_growth,-0.3255615445089938
System B,trimmed_mean_cpi_yoy,2025Q4,2015Q4,unemployment_rate,-0.592413070145421
System B,trimmed_mean_cpi_yoy,2025Q4,2015Q4,trimmed_mean_cpi_yoy,0.09930852947545504
System B,trimmed_mean_cpi_yoy,2025Q4,2015Q4,inflation_expectations_business,0.04145299255912581
System B,trimmed_mean_cpi_yoy,2025Q4,2015Q4,cash_rate,-0.017563355059870663
System B,trimmed_mean_cpi_yoy,2025Q4,2016Q1,baseline,2.8953518645990544
System B,trimmed_mean_cpi_yoy,2025Q4,2016Q1,commodity_growth,-0.3773821696871799
System B,trimmed_mean_cpi_yoy,2025Q4,2016Q1,unemployment_rate,-0.528480240252171
System B,trimmed_mean_cpi_yoy,2025Q4,2016Q1,trimmed_mean_cpi_yoy,-0.23603928550313766
System B,trimmed_mean_cpi_yoy,2025Q4,2016Q1,inflation_expectations_business,-0.04457494601796919
System B,trimmed_mean_cpi_yoy,2025Q4,2016Q1,cash_rate,-0.008875223138597864
System B,trimmed_mean_cpi_yoy,2025Q4,2016Q2,baseline,2.8958885841286257
System B,trimmed_mean_cpi_yoy,2025Q4,2016Q2,commodity_growth,-0.37469529877027236
System B,trimmed_mean_cpi_yoy,2025Q4,2016Q2,unemployment_rate,-0.4052325346383912
System B,trimmed_mean_cpi_yoy,2025Q4,2016Q2,trimmed_mean_cpi_yoy,-0.3507827339191315
System B,trimmed_mean_cpi_yoy,2025Q4,2016Q2,inflation_expectations_business,-0.15748053436411605
System B,trimmed_mean_cpi_yoy,2025Q4,2016Q2,cash_rate,-0.00769748243671522
System B,trimmed_mean_cpi_yoy,2025Q4,2016Q3,baseline,2.8963890779362584
System B,trimmed_mean_cpi_yoy,2025Q4,2016Q3,commodity_growth,-0.32014704343689937
System B,trimmed_mean_cpi_yoy,2025Q4,2016Q3,unemployment_rate,-0.2952198552216313
System B,trimmed_mean_cpi_yoy,2025Q4,2016Q3,trimmed_mean_cpi_yoy,-0.43348012139412523
System B,trimmed_mean_cpi_yoy,2025Q4,2016Q3,inflation_expectations_business,-0.2609911358199374
System B,trimmed_mean_cpi_yoy,2025Q4,2016Q3,cash_rate,0.013449077936335478
System B,trimmed_mean_cpi_yoy,2025Q4,2016Q4,baseline,2.8968556792630706
System B,trimmed_mean_cpi_yoy,2025Q4,2016Q4,commodity_growth,-0.16085967485567812
System B,trimmed_mean_cpi_yoy,2025Q4,2016Q4,unemployment_rate,-0.2459180783864506
System B,trimmed_mean_cpi_yoy,2025Q4,2016Q4,trimmed_mean_cpi_yoy,-0.6615988350301035
System B,trimmed_mean_cpi_yoy,2025Q4,2016Q4,inflation_expectations_business,-0.37464167090271444
System B,trimmed_mean_cpi_yoy,2025Q4,2016Q4,cash_rate,0.04616257991187809
System B,trimmed_mean_cpi_yoy,2025Q4,2017Q1,baseline,2.8972905887329308
System B,trimmed_mean_cpi_yoy,2025Q4,2017Q1,commodity_growth,0.034243581271309526
System B,trimmed_mean_cpi_yoy,2025Q4,2017Q1,unemployment_rate,-0.2328762993919055
System B,trimmed_mean_cpi_yoy,2025Q4,2017Q1,trimmed_mean_cpi_yoy,-0.5618436276902175
System B,trimmed_mean_cpi_yoy,2025Q4,2017Q1,inflation_expectations_business,-0.4885355911047882
System B,trimmed_mean_cpi_yoy,2025Q4,2017Q1,cash_rate,0.05172134818267306
System B,trimmed_mean_cpi_yoy,2025Q4,2017Q2,baseline,2.8976958799371992
System B,trimmed_mean_cpi_yoy,2025Q4,2017Q2,commodity_growth,0.03578910750784412
System B,trimmed_mean_cpi_yoy,2025Q4,2017Q2,unemployment_rate,-0.1907746715853918
System B,trimmed_mean_cpi_yoy,2025Q4,2017Q2,trimmed_mean_cpi_yoy,-0.5147547156136536
System B,trimmed_mean_cpi_yoy,2025Q4,2017Q2,inflation_expectations_business,-0.5925971988605507
System B,trimmed_mean_cpi_yoy,2025Q4,2017Q2,cash_rate,0.06464159861455597
System B,trimmed_mean_cpi_yoy,2025Q4,2017Q3,baseline,2.898073504861486
System B,trimmed_mean_cpi_yoy,2025Q4,2017Q3,commodity_growth,-0.049673032725484345
System B,trimmed_mean_cpi_yoy,2025Q4,2017Q3,unemployment_rate,-0.23023241697470873
System B,trimmed_mean_cpi_yoy,2025Q4,2017Q3,trimmed_mean_cpi_yoy,-0.48692822518775586
System B,trimmed_mean_cpi_yoy,2025Q4,2017Q3,inflation_expectations_business,-0.547744467854804
System B,trimmed_mean_cpi_yoy,2025Q4,2017Q3,cash_rate,0.1165046378812716
System B,trimmed_mean_cpi_yoy,2025Q4,2017Q4,baseline,2.898425299198034
System B,trimmed_mean_cpi_yoy,2025Q4,2017Q4,commodity_growth,-0.07509367780236724
System B,trimmed_mean_cpi_yoy,2025Q4,2017Q4,unemployment_rate,-0.22626365972113766
System B,trimmed_mean_cpi_yoy,2025Q4,2017Q4,trimmed_mean_cpi_yoy,-0.5890935490826968
System B,trimmed_mean_cpi_yoy,2025Q4,2017Q4,inflation_expectations_business,-0.49595167151247016
System B,trimmed_mean_cpi_yoy,2025Q4,2017Q4,cash_rate,0.1879772589206421
System B,trimmed_mean_cpi_yoy,2025Q4,2018Q1,baseline,2.8987529875694222
System B,trimmed_mean_cpi_yoy,2025Q4,2018Q1,commodity_growth,-0.04899693256097623
System B,trimmed_mean_cpi_yoy,2025Q4,2018Q1,unemployment_rate,-0.27225072928648775
System B,trimmed_mean_cpi_yoy,2025Q4,2018Q1,trimmed_mean_cpi_yoy,-0.6794302403739911
System B,trimmed_mean_cpi_yoy,2025Q4,2018Q1,inflation_expectations_business,-0.45352376972997854
System B,trimmed_mean_cpi_yoy,2025Q4,2018Q1,cash_rate,0.25544868438201496
System B,trimmed_mean_cpi_yoy,2025Q4,2018Q2,baseline,2.8990581886757685
System B,trimmed_mean_cpi_yoy,2025Q4,2018Q2,commodity_growth,-0.05002202268927082
System B,trimmed_mean_cpi_yoy,2025Q4,2018Q2,unemployment_rate,-0.2719423818319872
System B,trimmed_mean_cpi_yoy,2025Q4,2018Q2,trimmed_mean_cpi_yoy,-0.8978889013812101
System B,trimmed_mean_cpi_yoy,2025Q4,2018Q2,inflation_expectations_business,-0.3884456428661914
System B,trimmed_mean_cpi_yoy,2025Q4,2018Q2,cash_rate,0.30924076009289464
System B,trimmed_mean_cpi_yoy,2025Q4,2018Q3,baseline,2.8993424203677467
System B,trimmed_mean_cpi_yoy,2025Q4,2018Q3,commodity_growth,-0.07597995733052938
System B,trimmed_mean_cpi_yoy,2025Q4,2018Q3,unemployment_rate,-0.258359461235662
System B,trimmed_mean_cpi_yoy,2025Q4,2018Q3,trimmed_mean_cpi_yoy,-1.0068256151380859
System B,trimmed_mean_cpi_yoy,2025Q4,2018Q3,inflation_expectations_business,-0.2044830587895776
System B,trimmed_mean_cpi_yoy,2025Q4,2018Q3,cash_rate,0.34630567212611335
System B,trimmed_mean_cpi_yoy,2025Q4,2018Q4,baseline,2.8996071046408094
System B,trimmed_mean_cpi_yoy,2025Q4,2018Q4,commodity_growth,-0.06761292583896436
System B,trimmed_mean_cpi_yoy,2025Q4,2018Q4,unemployment_rate,-0.2042115660111219
System B,trimmed_mean_cpi_yoy,2025Q4,2018Q4,trimmed_mean_cpi_yoy,-1.0910936183977602
System B,trimmed_mean_cpi_yoy,2025Q4,2018Q4,inflation_expectations_business,-0.09230680405682828
System B,trimmed_mean_cpi_yoy,2025Q4,2018Q4,cash_rate,0.355617809663869
System B,trimmed_mean_cpi_yoy,2025Q4,2019Q1,baseline,2.8998535725414873
System B,trimmed_mean_cpi_yoy,2025Q4,2019Q1,commodity_growth,-0.05425156532717391
System B,trimmed_mean_cpi_yoy,2025Q4,2019Q1,unemployment_rate,-0.17413352506938268
System B,trimmed_mean_cpi_yoy,2025Q4,2019Q1,trimmed_mean_cpi_yoy,-1.3234662070665597
System B,trimmed_mean_cpi_yoy,2025Q4,2019Q1,inflation_expectations_business,-0.08603946486504235
System B,trimmed_mean_cpi_yoy,2025Q4,2019Q1,cash_rate,0.33803718978667513
System B,trimmed_mean_cpi_yoy,2025Q4,2019Q2,baseline,2.9000830689739896
System B,trimmed_mean_cpi_yoy,2025Q4,2019Q2,commodity_growth,-0.04110108886124179
System B,trimmed_mean_cpi_yoy,2025Q4,2019Q2,unemployment_rate,-0.17241392991090393
System B,trimmed_mean_cpi_yoy,2025Q4,2019Q2,trimmed_mean_cpi_yoy,-1.3336500368499038
System B,trimmed_mean_cpi_yoy,2025Q4,2019Q2,inflation_expectations_business,-0.15776086252582322
System B,trimmed_mean_cpi_yoy,2025Q4,2019Q2,cash_rate,0.3048428491738869
System B,trimmed_mean_cpi_yoy,2025Q4,2019Q3,baseline,2.900296757394147
System B,trimmed_mean_cpi_yoy,2025Q4,2019Q3,commodity_growth,-0.03994472250197818
System B,trimmed_mean_cpi_yoy,2025Q4,2019Q3,unemployment_rate,-0.1840134427947056
System B,trimmed_mean_cpi_yoy,2025Q4,2019Q3,trimmed_mean_cpi_yoy,-1.3292911444399318
System B,trimmed_mean_cpi_yoy,2025Q4,2019Q3,inflation_expectations_business,-0.12763278722926302
System B,trimmed_mean_cpi_yoy,2025Q4,2019Q3,cash_rate,0.28058533957173337
System B,trimmed_mean_cpi_yoy,2025Q4,2019Q4,baseline,2.9004957243776603
System B,trimmed_mean_cpi_yoy,2025Q4,2019Q4,commodity_growth,-0.08874849397907582
System B,trimmed_mean_cpi_yoy,2025Q4,2019Q4,unemployment_rate,-0.14824441043651262
System B,trimmed_mean_cpi_yoy,2025Q4,2019Q4,trimmed_mean_cpi_yoy,-1.3681463028794312
System B,trimmed_mean_cpi_yoy,2025Q4,2019Q4,inflation_expectations_business,-0.08389340726987994
System B,trimmed_mean_cpi_yoy,2025Q4,2019Q4,cash_rate,0.28853689018724177
System B,trimmed_mean_cpi_yoy,2025Q4,2020Q1,baseline,2.900680984050318
System B,trimmed_mean_cpi_yoy,2025Q4,2020Q1,commodity_growth,-0.1229288557899901
System B,trimmed_mean_cpi_yoy,2025Q4,2020Q1,unemployment_rate,-0.18064400637744632
System B,trimmed_mean_cpi_yoy,2025Q4,2020Q1,trimmed_mean_cpi_yoy,-1.1417558218085542
System B,trimmed_mean_cpi_yoy,2025Q4,2020Q1,inflation_expectations_business,-0.03607777455744922
System B,trimmed_mean_cpi_yoy,2025Q4,2020Q1,cash_rate,0.2807254744831235
System B,trimmed_mean_cpi_yoy,2025Q4,2020Q2,baseline,2.9008534823691425
System B,trimmed_mean_cpi_yoy,2025Q4,2020Q2,commodity_growth,-0.13461769575023252
System B,trimmed_mean_cpi_yoy,2025Q4,2020Q2,unemployment_rate,-0.6262363688113527
System B,trimmed_mean_cpi_yoy,2025Q4,2020Q2,trimmed_mean_cpi_yoy,-1.0227201941599209
System B,trimmed_mean_cpi_yoy,2025Q4,2020Q2,inflation_expectations_business,-0.07198629831617781
System B,trimmed_mean_cpi_yoy,2025Q4,2020Q2,cash_rate,0.2547070746685407
System B,trimmed_mean_cpi_yoy,2025Q4,2020Q3,baseline,2.9010141012450315
System B,trimmed_mean_cpi_yoy,2025Q4,2020Q3,commodity_growth,-0.17296220221022046
System B,trimmed_mean_cpi_yoy,2025Q4,2020Q3,unemployment_rate,-0.8246125616970795
System B,trimmed_mean_cpi_yoy,2025Q4,2020Q3,trimmed_mean_cpi_yoy,-0.8249141857349364
System B,trimmed_mean_cpi_yoy,2025Q4,2020Q3,inflation_expectations_business,-0.07360897099047045
System B,trimmed_mean_cpi_yoy,2025Q4,2020Q3,cash_rate,0.19508381938767405
System B,trimmed_mean_cpi_yoy,2025Q4,2020Q4,baseline,2.901163662499324
System B,trimmed_mean_cpi_yoy,2025Q4,2020Q4,commodity_growth,-0.10467283181271363
System B,trimmed_mean_cpi_yoy,2025Q4,2020Q4,unemployment_rate,-1.112041539557869
System B,trimmed_mean_cpi_yoy,2025Q4,2020Q4,trimmed_mean_cpi_yoy,-0.4565509160616858
System B,trimmed_mean_cpi_yoy,2025Q4,2020Q4,inflation_expectations_business,-0.04988725085150239
System B,trimmed_mean_cpi_yoy,2025Q4,2020Q4,cash_rate,0.12198887578444705
System B,trimmed_mean_cpi_yoy,2025Q4,2021Q1,baseline,2.901302931648601
System B,trimmed_mean_cpi_yoy,2025Q4,2021Q1,commodity_growth,0.04103019248205952
System B,trimmed_mean_cpi_yoy,2025Q4,2021Q1,unemployment_rate,-1.2238363211110173
System B,trimmed_mean_cpi_yoy,2025Q4,2021Q1,trimmed_mean_cpi_yoy,-0.7727832955079025
System B,trimmed_mean_cpi_yoy,2025Q4,2021Q1,inflation_expectations_business,0.06057204136070811
System B,trimmed_mean_cpi_yoy,2025Q4,2021Q1,cash_rate,0.09371445112755361
System B,trimmed_mean_cpi_yoy,2025Q4,2021Q2,baseline,2.9014326215139636
System B,trimmed_mean_cpi_yoy,2025Q4,2021Q2,commodity_growth,0.16716318016826928
System B,trimmed_mean_cpi_yoy,2025Q4,2021Q2,unemployment_rate,-1.1650220137979501
System B,trimmed_mean_cpi_yoy,2025Q4,2021Q2,trimmed_mean_cpi_yoy,-0.5365842329133405
System B,trimmed_mean_cpi_yoy,2025Q4,2021Q2,inflation_expectations_business,0.15028709717043295
System B,trimmed_mean_cpi_yoy,2025Q4,2021Q2,cash_rate,0.08272334785862777
System B,trimmed_mean_cpi_yoy,2025Q4,2021Q3,baseline,2.901553395652817
System B,trimmed_mean_cpi_yoy,2025Q4,2021Q3,commodity_growth,0.21845504888375034
System B,trimmed_mean_cpi_yoy,2025Q4,2021Q3,unemployment_rate,-0.9513316400309507
System B,trimmed_mean_cpi_yoy,2025Q4,2021Q3,trimmed_mean_cpi_yoy,-0.4318763134994128
System B,trimmed_mean_cpi_yoy,2025Q4,2021Q3,inflation_expectations_business,0.2849705717494777
System B,trimmed_mean_cpi_yoy,2025Q4,2021Q3,cash_rate,0.07822893724432117
System B,trimmed_mean_cpi_yoy,2025Q4,2021Q4,baseline,2.901665871612904
System B,trimmed_mean_cpi_yoy,2025Q4,2021Q4,commodity_growth,0.17822328551089364
System B,trimmed_mean_cpi_yoy,2025Q4,2021Q4,unemployment_rate,-0.6732900463486289
System B,trimmed_mean_cpi_yoy,2025Q4,2021Q4,trimmed_mean_cpi_yoy,-0.2046120084875289
System B,trimmed_mean_cpi_yoy,2025Q4,2021Q4,inflation_expectations_business,0.3277157610476726
System B,trimmed_mean_cpi_yoy,2025Q4,2021Q4,cash_rate,0.07029713666469051
System B,trimmed_mean_cpi_yoy,2025Q4,2022Q1,baseline,2.901770624009836
System B,trimmed_mean_cpi_yoy,2025Q4,2022Q1,commodity_growth,0.23402765348840862
System B,trimmed_mean_cpi_yoy,2025Q4,2022Q1,unemployment_rate,-0.24833451773810383
System B,trimmed_mean_cpi_yoy,2025Q4,2022Q1,trimmed_mean_cpi_yoy,0.37038730421296384
System B,trimmed_mean_cpi_yoy,2025Q4,2022Q1,inflation_expectations_business,0.48949119897724774
System B,trimmed_mean_cpi_yoy,2025Q4,2022Q1,cash_rate,0.05265773704965003
System B,trimmed_mean_cpi_yoy,2025Q4,2022Q2,baseline,2.901868187430726
System B,trimmed_mean_cpi_yoy,2025Q4,2022Q2,commodity_growth,0.3883756004392064
System B,trimmed_mean_cpi_yoy,2025Q4,2022Q2,unemployment_rate,0.1303281261650558
System B,trimmed_mean_cpi_yoy,2025Q4,2022Q2,trimmed_mean_cpi_yoy,0.7828751007700595
System B,trimmed_mean_cpi_yoy,2025Q4,2022Q2,inflation_expectations_business,0.6487348466057777
System B,trimmed_mean_cpi_yoy,2025Q4,2022Q2,cash_rate,0.04781813858917765
System B,trimmed_mean_cpi_yoy,2025Q4,2022Q3,baseline,2.901959059167681
System B,trimmed_mean_cpi_yoy,2025Q4,2022Q3,commodity_growth,0.38547860494754926
System B,trimmed_mean_cpi_yoy,2025Q4,2022Q3,unemployment_rate,0.4552618852832162
System B,trimmed_mean_cpi_yoy,2025Q4,2022Q3,trimmed_mean_cpi_yoy,1.300301313618943
System B,trimmed_mean_cpi_yoy,2025Q4,2022Q3,inflation_expectations_business,0.9421895969647837
System B,trimmed_mean_cpi_yoy,2025Q4,2022Q3,cash_rate,0.014809540017827695
System B,trimmed_mean_cpi_yoy,2025Q4,2022Q4,baseline,2.9020437017858987
System B,trimmed_mean_cpi_yoy,2025Q4,2022Q4,commodity_growth,0.2779967389470402
System B,trimmed_mean_cpi_yoy,2025Q4,2022Q4,unemployment_rate,0.6767145535154822
System B,trimmed_mean_cpi_yoy,2025Q4,2022Q4,trimmed_mean_cpi_yoy,1.9474956098510885
System B,trimmed_mean_cpi_yoy,2025Q4,2022Q4,inflation_expectations_business,1.0935002403110468
System B,trimmed_mean_cpi_yoy,2025Q4,2022Q4,cash_rate,-0.09775084441055852
System B,trimmed_mean_cpi_yoy,2025Q4,2023Q1,baseline,2.902122545531864
System B,trimmed_mean_cpi_yoy,2025Q4,2023Q1,commodity_growth,0.18687692506534137
System B,trimmed_mean_cpi_yoy,2025Q4,2023Q1,unemployment_rate,0.7647565896733567
System B,trimmed_mean_cpi_yoy,2025Q4,2023Q1,trimmed_mean_cpi_yoy,1.7647721117315682
System B,trimmed_mean_cpi_yoy,2025Q4,2023Q1,inflation_expectations_business,1.0389234840844657
System B,trimmed_mean_cpi_yoy,2025Q4,2023Q1,cash_rate,-0.15745165608660078
System B,trimmed_mean_cpi_yoy,2025Q4,2023Q2,baseline,2.9021959905878063
System B,trimmed_mean_cpi_yoy,2025Q4,2023Q2,commodity_growth,0.07316449754726086
System B,trimmed_mean_cpi_yoy,2025Q4,2023Q2,unemployment_rate,0.8154697097324262
System B,trimmed_mean_cpi_yoy,2025Q4,2023Q2,trimmed_mean_cpi_yoy,1.3320498787379198
System B,trimmed_mean_cpi_yoy,2025Q4,2023Q2,inflation_expectations_business,0.8148530077402538
System B,trimmed_mean_cpi_yoy,2025Q4,2023Q2,cash_rate,-0.13773308434567177
System B,trimmed_mean_cpi_yoy,2025Q4,2023Q3,baseline,2.9022644091790006
System B,trimmed_mean_cpi_yoy,2025Q4,2023Q3,commodity_growth,-0.01066788220685807
System B,trimmed_mean_cpi_yoy,2025Q4,2023Q3,unemployment_rate,0.7130328996638052
System B,trimmed_mean_cpi_yoy,2025Q4,2023Q3,trimmed_mean_cpi_yoy,0.8271716000910746
System B,trimmed_mean_cpi_yoy,2025Q4,2023Q3,inflation_expectations_business,0.7486467433476182
System B,trimmed_mean_cpi_yoy,2025Q4,2023Q3,cash_rate,-0.080447770074646
System B,trimmed_mean_cpi_yoy,2025Q4,2023Q4,baseline,2.902328147540857
System B,trimmed_mean_cpi_yoy,2025Q4,2023Q4,commodity_growth,0.008108835254641768
System B,trimmed_mean_cpi_yoy,2025Q4,2023Q4,unemployment_rate,0.5943542977377125
System B,trimmed_mean_cpi_yoy,2025Q4,2023Q4,trimmed_mean_cpi_yoy,0.07238100340254125
System B,trimmed_mean_cpi_yoy,2025Q4,2023Q4,inflation_expectations_business,0.6280882557734964
System B,trimmed_mean_cpi_yoy,2025Q4,2023Q4,cash_rate,-0.005260539709253601
System B,trimmed_mean_cpi_yoy,2025Q4,2024Q1,baseline,2.9023875277528894
System B,trimmed_mean_cpi_yoy,2025Q4,2024Q1,commodity_growth,0.055098357785157114
System B,trimmed_mean_cpi_yoy,2025Q4,2024Q1,unemployment_rate,0.46009358413556833
System B,trimmed_mean_cpi_yoy,2025Q4,2024Q1,trimmed_mean_cpi_yoy,-0.0061561042066380104
System B,trimmed_mean_cpi_yoy,2025Q4,2024Q1,inflation_expectations_business,0.5503909721994915
System B,trimmed_mean_cpi_yoy,2025Q4,2024Q1,cash_rate,0.03818566233352689
System B,trimmed_mean_cpi_yoy,2025Q4,2024Q2,baseline,2.902442849446775
System B,trimmed_mean_cpi_yoy,2025Q4,2024Q2,commodity_growth,0.02394816769486671
System B,trimmed_mean_cpi_yoy,2025Q4,2024Q2,unemployment_rate,0.33528161291617764
System B,trimmed_mean_cpi_yoy,2025Q4,2024Q2,trimmed_mean_cpi_yoy,0.22651246312604442
System B,trimmed_mean_cpi_yoy,2025Q4,2024Q2,inflation_expectations_business,0.4299439378877784
System B,trimmed_mean_cpi_yoy,2025Q4,2024Q2,cash_rate,0.0818709689283547
System B,trimmed_mean_cpi_yoy,2025Q4,2024Q3,baseline,2.902494391395683
System B,trimmed_mean_cpi_yoy,2025Q4,2024Q3,commodity_growth,-0.038265017856503505
System B,trimmed_mean_cpi_yoy,2025Q4,2024Q3,unemployment_rate,0.20560553347893193
System B,trimmed_mean_cpi_yoy,2025Q4,2024Q3,trimmed_mean_cpi_yoy,-0.08336333976154353
System B,trimmed_mean_cpi_yoy,2025Q4,2024Q3,inflation_expectations_business,0.47963842990988276
System B,trimmed_mean_cpi_yoy,2025Q4,2024Q3,cash_rate,0.13389000283354854
System B,trimmed_mean_cpi_yoy,2025Q4,2024Q4,baseline,2.902542412991979
System B,trimmed_mean_cpi_yoy,2025Q4,2024Q4,commodity_growth,-0.021462034634344304
System B,trimmed_mean_cpi_yoy,2025Q4,2024Q4,unemployment_rate,0.1959181226801408
System B,trimmed_mean_cpi_yoy,2025Q4,2024Q4,trimmed_mean_cpi_yoy,-0.5681651801046435
System B,trimmed_mean_cpi_yoy,2025Q4,2024Q4,inflation_expectations_business,0.5231144517120878
System B,trimmed_mean_cpi_yoy,2025Q4,2024Q4,cash_rate,0.16805222735477898
System B,trimmed_mean_cpi_yoy,2025Q4,2025Q1,baseline,2.902587155620247
System B,trimmed_mean_cpi_yoy,2025Q4,2025Q1,commodity_growth,0.03794275401596418
System B,trimmed_mean_cpi_yoy,2025Q4,2025Q1,unemployment_rate,0.15382208246586254
System B,trimmed_mean_cpi_yoy,2025Q4,2025Q1,trimmed_mean_cpi_yoy,-0.8863103735056821
System B,trimmed_mean_cpi_yoy,2025Q4,2025Q1,inflation_expectations_business,0.5235898907440188
System B,trimmed_mean_cpi_yoy,2025Q4,2025Q1,cash_rate,0.1683684906595889
System B,trimmed_mean_cpi_yoy,2025Q4,2025Q2,baseline,2.90262884393236
System B,trimmed_mean_cpi_yoy,2025Q4,2025Q2,commodity_growth,0.015751200151684068
System B,trimmed_mean_cpi_yoy,2025Q4,2025Q2,unemployment_rate,0.1843364002385518
System B,trimmed_mean_cpi_yoy,2025Q4,2025Q2,trimmed_mean_cpi_yoy,-1.0404726592113616
System B,trimmed_mean_cpi_yoy,2025Q4,2025Q2,inflation_expectations_business,0.4701685421710029
System B,trimmed_mean_cpi_yoy,2025Q4,2025Q2,cash_rate,0.1675876727177615
System B,trimmed_mean_cpi_yoy,2025Q4,2025Q3,baseline,2.9026676870310997
System B,trimmed_mean_cpi_yoy,2025Q4,2025Q3,commodity_growth,-0.02984948737433022
System B,trimmed_mean_cpi_yoy,2025Q4,2025Q3,unemployment_rate,0.16897717430254044
System B,trimmed_mean_cpi_yoy,2025Q4,2025Q3,trimmed_mean_cpi_yoy,-0.8597715168155899
System B,trimmed_mean_cpi_yoy,2025Q4,2025Q3,inflation_expectations_business,0.543058062470729
System B,trimmed_mean_cpi_yoy,2025Q4,2025Q3,cash_rate,0.17491808038554835
System B,trimmed_mean_cpi_yoy,2025Q4,2025Q4,baseline,2.9027038795685303
System B,trimmed_mean_cpi_yoy,2025Q4,2025Q4,commodity_growth,-0.0028195300311068
System B,trimmed_mean_cpi_yoy,2025Q4,2025Q4,unemployment_rate,0.2400356323352652
System B,trimmed_mean_cpi_yoy,2025Q4,2025Q4,trimmed_mean_cpi_yoy,-0.62281640441408
System B,trimmed_mean_cpi_yoy,2025Q4,2025Q4,inflation_expectations_business,0.6050582600313743
System B,trimmed_mean_cpi_yoy,2025Q4,2025Q4,cash_rate,0.1778381625100153
