forecast_date,source,horizon_label,horizon_quarters,rba_forecast_cpi_yoy,rba_actual_cpi_yoy,rba_forecast_error_cpi_yoy
1995-03-01,JEFG,t-12,-12,,1.7,
1995-03-01,JEFG,t-11,-11,,1.2,
1995-03-01,JEFG,t-10,-10,,0.8,
1995-03-01,JEFG,t-9,-9,,0.3,
1995-03-01,JEFG,t-8,-8,,1.2,
1995-03-01,JEFG,t-7,-7,,1.9,
1995-03-01,JEFG,t-6,-6,,2.2,
1995-03-01,JEFG,t-5,-5,,1.9,
1995-03-01,JEFG,t-4,-4,,1.4,
1995-03-01,JEFG,t-3,-3,,1.7,
1995-03-01,JEFG,t-2,-2,,1.9,
1995-03-01,JEFG,t-1,-1,,2.5,
1995-03-01,JEFG,t,0,4.1,3.9,-0.19999999999999973
1995-03-01,JEFG,t+1,1,4.6,4.5,-0.09999999999999964
1995-03-01,JEFG,t+2,2,5.4,5.1,-0.3000000000000007
1995-03-01,JEFG,t+3,3,5.6,5.1,-0.5
1995-03-01,JEFG,t+4,4,4.6,3.7,-0.8999999999999995
1995-03-01,JEFG,t+5,5,4.5,3.1,-1.4
1995-03-01,JEFG,t+6,6,,2.1,
1995-03-01,JEFG,t+7,7,,1.5,
1995-03-01,JEFG,t+8,8,,1.3,
1995-03-01,JEFG,t+9,9,,0.3,
1995-03-01,JEFG,t+10,10,,-0.3,
1995-03-01,JEFG,t+11,11,,-0.2,
1995-06-01,JEFG,t-12,-12,,1.2,
1995-06-01,JEFG,t-11,-11,,0.8,
1995-06-01,JEFG,t-10,-10,,0.3,
1995-06-01,JEFG,t-9,-9,,1.2,
1995-06-01,JEFG,t-8,-8,,1.9,
1995-06-01,JEFG,t-7,-7,,2.2,
1995-06-01,JEFG,t-6,-6,,1.9,
1995-06-01,JEFG,t-5,-5,,1.4,
1995-06-01,JEFG,t-4,-4,,1.7,
1995-06-01,JEFG,t-3,-3,,1.9,
1995-06-01,JEFG,t-2,-2,,2.5,
1995-06-01,JEFG,t-1,-1,,3.9,
1995-06-01,JEFG,t,0,4.4,4.5,0.09999999999999964
1995-06-01,JEFG,t+1,1,5.1,5.1,0.0
1995-06-01,JEFG,t+2,2,5.1,5.1,0.0
1995-06-01,JEFG,t+3,3,4.3,3.7,-0.5999999999999996
1995-06-01,JEFG,t+4,4,4.1,3.1,-0.9999999999999996
1995-06-01,JEFG,t+5,5,3.9,2.1,-1.7999999999999998
1995-06-01,JEFG,t+6,6,3.9,1.5,-2.4
1995-06-01,JEFG,t+7,7,4.0,1.3,-2.7
1995-06-01,JEFG,t+8,8,3.9,0.3,-3.6
1995-06-01,JEFG,t+9,9,,-0.3,
1995-06-01,JEFG,t+10,10,,-0.2,
1995-06-01,JEFG,t+11,11,,-0.2,
1995-09-01,JEFG,t-12,-12,,0.8,
1995-09-01,JEFG,t-11,-11,,0.3,
1995-09-01,JEFG,t-10,-10,,1.2,
1995-09-01,JEFG,t-9,-9,,1.9,
1995-09-01,JEFG,t-8,-8,,2.2,
1995-09-01,JEFG,t-7,-7,,1.9,
1995-09-01,JEFG,t-6,-6,,1.4,
1995-09-01,JEFG,t-5,-5,,1.7,
1995-09-01,JEFG,t-4,-4,,1.9,
1995-09-01,JEFG,t-3,-3,,2.5,
1995-09-01,JEFG,t-2,-2,,3.9,
1995-09-01,JEFG,t-1,-1,,4.5,
1995-09-01,JEFG,t,0,5.2,5.1,-0.10000000000000053
1995-09-01,JEFG,t+1,1,5.4,5.1,-0.3000000000000007
1995-09-01,JEFG,t+2,2,4.6,3.7,-0.8999999999999995
1995-09-01,JEFG,t+3,3,4.1,3.1,-0.9999999999999996
1995-09-01,JEFG,t+4,4,4.0,2.1,-1.9
1995-09-01,JEFG,t+5,5,3.8,1.5,-2.3
1995-09-01,JEFG,t+6,6,3.7,1.3,-2.4000000000000004
1995-09-01,JEFG,t+7,7,3.9,0.3,-3.6
1995-09-01,JEFG,t+8,8,,-0.3,
1995-09-01,JEFG,t+9,9,,-0.2,
1995-09-01,JEFG,t+10,10,,-0.2,
1995-09-01,JEFG,t+11,11,,0.7,
1995-12-01,JEFG,t-12,-12,,0.3,
1995-12-01,JEFG,t-11,-11,,1.2,
1995-12-01,JEFG,t-10,-10,,1.9,
1995-12-01,JEFG,t-9,-9,,2.2,
1995-12-01,JEFG,t-8,-8,,1.9,
1995-12-01,JEFG,t-7,-7,,1.4,
1995-12-01,JEFG,t-6,-6,,1.7,
1995-12-01,JEFG,t-5,-5,,1.9,
1995-12-01,JEFG,t-4,-4,,2.5,
1995-12-01,JEFG,t-3,-3,,3.9,
1995-12-01,JEFG,t-2,-2,,4.5,
1995-12-01,JEFG,t-1,-1,,5.1,
1995-12-01,JEFG,t,0,4.8,5.1,0.2999999999999998
1995-12-01,JEFG,t+1,1,4.0,3.7,-0.2999999999999998
1995-12-01,JEFG,t+2,2,3.5,3.1,-0.3999999999999999
1995-12-01,JEFG,t+3,3,3.0,2.1,-0.8999999999999999
1995-12-01,JEFG,t+4,4,3.2,1.5,-1.7000000000000002
1995-12-01,JEFG,t+5,5,3.2,1.3,-1.9000000000000001
1995-12-01,JEFG,t+6,6,3.2,0.3,-2.9000000000000004
1995-12-01,JEFG,t+7,7,,-0.3,
1995-12-01,JEFG,t+8,8,,-0.2,
1995-12-01,JEFG,t+9,9,,-0.2,
1995-12-01,JEFG,t+10,10,,0.7,
1995-12-01,JEFG,t+11,11,,1.3,
1996-03-01,JEFG,t-12,-12,,1.2,
1996-03-01,JEFG,t-11,-11,,1.9,
1996-03-01,JEFG,t-10,-10,,2.2,
1996-03-01,JEFG,t-9,-9,,1.9,
1996-03-01,JEFG,t-8,-8,,1.4,
1996-03-01,JEFG,t-7,-7,,1.7,
1996-03-01,JEFG,t-6,-6,,1.9,
1996-03-01,JEFG,t-5,-5,,2.5,
1996-03-01,JEFG,t-4,-4,,3.9,
1996-03-01,JEFG,t-3,-3,,4.5,
1996-03-01,JEFG,t-2,-2,,5.1,
1996-03-01,JEFG,t-1,-1,,5.1,
1996-03-01,JEFG,t,0,4.0,3.7,-0.2999999999999998
1996-03-01,JEFG,t+1,1,3.4,3.1,-0.2999999999999998
1996-03-01,JEFG,t+2,2,2.9,2.1,-0.7999999999999998
1996-03-01,JEFG,t+3,3,2.8,1.5,-1.2999999999999998
1996-03-01,JEFG,t+4,4,2.9,1.3,-1.5999999999999999
1996-03-01,JEFG,t+5,5,2.9,0.3,-2.6
1996-03-01,JEFG,t+6,6,,-0.3,
1996-03-01,JEFG,t+7,7,,-0.2,
1996-03-01,JEFG,t+8,8,,-0.2,
1996-03-01,JEFG,t+9,9,,0.7,
1996-03-01,JEFG,t+10,10,,1.3,
1996-03-01,JEFG,t+11,11,,1.6,
1996-06-01,JEFG,t-12,-12,,1.9,
1996-06-01,JEFG,t-11,-11,,2.2,
1996-06-01,JEFG,t-10,-10,,1.9,
1996-06-01,JEFG,t-9,-9,,1.4,
1996-06-01,JEFG,t-8,-8,,1.7,
1996-06-01,JEFG,t-7,-7,,1.9,
1996-06-01,JEFG,t-6,-6,,2.5,
1996-06-01,JEFG,t-5,-5,,3.9,
1996-06-01,JEFG,t-4,-4,,4.5,
1996-06-01,JEFG,t-3,-3,,5.1,
1996-06-01,JEFG,t-2,-2,,5.1,
1996-06-01,JEFG,t-1,-1,,3.7,
1996-06-01,JEFG,t,0,3.2,3.1,-0.10000000000000009
1996-06-01,JEFG,t+1,1,2.3,2.1,-0.19999999999999973
1996-06-01,JEFG,t+2,2,2.1,1.5,-0.6000000000000001
1996-06-01,JEFG,t+3,3,2.4,1.3,-1.0999999999999999
1996-06-01,JEFG,t+4,4,2.3,0.3,-1.9999999999999998
1996-06-01,JEFG,t+5,5,2.6,-0.3,-2.9
1996-06-01,JEFG,t+6,6,2.8,-0.2,-3.0
1996-06-01,JEFG,t+7,7,2.8,-0.2,-3.0
1996-06-01,JEFG,t+8,8,3.0,0.7,-2.3
1996-06-01,JEFG,t+9,9,,1.3,
1996-06-01,JEFG,t+10,10,,1.6,
1996-06-01,JEFG,t+11,11,,1.2,
1996-09-01,JEFG,t-12,-12,,2.2,
1996-09-01,JEFG,t-11,-11,,1.9,
1996-09-01,JEFG,t-10,-10,,1.4,
1996-09-01,JEFG,t-9,-9,,1.7,
1996-09-01,JEFG,t-8,-8,,1.9,
1996-09-01,JEFG,t-7,-7,,2.5,
1996-09-01,JEFG,t-6,-6,,3.9,
1996-09-01,JEFG,t-5,-5,,4.5,
1996-09-01,JEFG,t-4,-4,,5.1,
1996-09-01,JEFG,t-3,-3,,5.1,
1996-09-01,JEFG,t-2,-2,,3.7,
1996-09-01,JEFG,t-1,-1,,3.1,
1996-09-01,JEFG,t,0,2.3,2.1,-0.19999999999999973
1996-09-01,JEFG,t+1,1,1.6,1.5,-0.10000000000000009
1996-09-01,JEFG,t+2,2,1.6,1.3,-0.30000000000000004
1996-09-01,JEFG,t+3,3,1.6,0.3,-1.3
1996-09-01,JEFG,t+4,4,1.8,-0.3,-2.1
1996-09-01,JEFG,t+5,5,2.5,-0.2,-2.7
1996-09-01,JEFG,t+6,6,2.8,-0.2,-3.0
1996-09-01,JEFG,t+7,7,2.9,0.7,-2.2
1996-09-01,JEFG,t+8,8,,1.3,
1996-09-01,JEFG,t+9,9,,1.6,
1996-09-01,JEFG,t+10,10,,1.2,
1996-09-01,JEFG,t+11,11,,1.1,
1996-12-01,JEFG,t-12,-12,,1.9,
1996-12-01,JEFG,t-11,-11,,1.4,
1996-12-01,JEFG,t-10,-10,,1.7,
1996-12-01,JEFG,t-9,-9,,1.9,
1996-12-01,JEFG,t-8,-8,,2.5,
1996-12-01,JEFG,t-7,-7,,3.9,
1996-12-01,JEFG,t-6,-6,,4.5,
1996-12-01,JEFG,t-5,-5,,5.1,
1996-12-01,JEFG,t-4,-4,,5.1,
1996-12-01,JEFG,t-3,-3,,3.7,
1996-12-01,JEFG,t-2,-2,,3.1,
1996-12-01,JEFG,t-1,-1,,2.1,
1996-12-01,JEFG,t,0,1.8,1.5,-0.30000000000000004
1996-12-01,JEFG,t+1,1,1.6,1.3,-0.30000000000000004
1996-12-01,JEFG,t+2,2,1.0,0.3,-0.7
1996-12-01,JEFG,t+3,3,1.4,-0.3,-1.7
1996-12-01,JEFG,t+4,4,1.9,-0.2,-2.1
1996-12-01,JEFG,t+5,5,2.4,-0.2,-2.6
1996-12-01,JEFG,t+6,6,2.6,0.7,-1.9000000000000001
1996-12-01,JEFG,t+7,7,,1.3,
1996-12-01,JEFG,t+8,8,,1.6,
1996-12-01,JEFG,t+9,9,,1.2,
1996-12-01,JEFG,t+10,10,,1.1,
1996-12-01,JEFG,t+11,11,,1.7,
1997-03-01,JEFG,t-12,-12,,1.4,
1997-03-01,JEFG,t-11,-11,,1.7,
1997-03-01,JEFG,t-10,-10,,1.9,
1997-03-01,JEFG,t-9,-9,,2.5,
1997-03-01,JEFG,t-8,-8,,3.9,
1997-03-01,JEFG,t-7,-7,,4.5,
1997-03-01,JEFG,t-6,-6,,5.1,
1997-03-01,JEFG,t-5,-5,,5.1,
1997-03-01,JEFG,t-4,-4,,3.7,
1997-03-01,JEFG,t-3,-3,,3.1,
1997-03-01,JEFG,t-2,-2,,2.1,
1997-03-01,JEFG,t-1,-1,2.2,1.5,
1997-03-01,JEFG,t,0,1.3,1.3,0.0
1997-03-01,JEFG,t+1,1,0.5,0.3,-0.2
1997-03-01,JEFG,t+2,2,0.5,-0.3,-0.8
1997-03-01,JEFG,t+3,3,1.0,-0.2,-1.2
1997-03-01,JEFG,t+4,4,1.7,-0.2,-1.9
1997-03-01,JEFG,t+5,5,2.5,0.7,-1.8
1997-03-01,JEFG,t+6,6,,1.3,
1997-03-01,JEFG,t+7,7,,1.6,
1997-03-01,JEFG,t+8,8,,1.2,
1997-03-01,JEFG,t+9,9,,1.1,
1997-03-01,JEFG,t+10,10,,1.7,
1997-03-01,JEFG,t+11,11,,1.8,
1997-06-01,JEFG,t-12,-12,,1.7,
1997-06-01,JEFG,t-11,-11,,1.9,
1997-06-01,JEFG,t-10,-10,,2.5,
1997-06-01,JEFG,t-9,-9,,3.9,
1997-06-01,JEFG,t-8,-8,,4.5,
1997-06-01,JEFG,t-7,-7,,5.1,
1997-06-01,JEFG,t-6,-6,,5.1,
1997-06-01,JEFG,t-5,-5,,3.7,
1997-06-01,JEFG,t-4,-4,,3.1,
1997-06-01,JEFG,t-3,-3,,2.1,
1997-06-01,JEFG,t-2,-2,,1.5,
1997-06-01,JEFG,t-1,-1,,1.3,
1997-06-01,JEFG,t,0,0.2,0.3,0.09999999999999998
1997-06-01,JEFG,t+1,1,-0.1,-0.3,-0.19999999999999998
1997-06-01,JEFG,t+2,2,0.1,-0.2,-0.30000000000000004
1997-06-01,JEFG,t+3,3,0.5,-0.2,-0.7
1997-06-01,JEFG,t+4,4,1.4,0.7,-0.7
1997-06-01,JEFG,t+5,5,1.8,1.3,-0.5
1997-06-01,JEFG,t+6,6,2.0,1.6,-0.3999999999999999
1997-06-01,JEFG,t+7,7,,1.2,
1997-06-01,JEFG,t+8,8,,1.1,
1997-06-01,JEFG,t+9,9,,1.7,
1997-06-01,JEFG,t+10,10,,1.8,
1997-06-01,JEFG,t+11,11,,2.8,
1997-09-01,JEFG,t-12,-12,,1.9,
1997-09-01,JEFG,t-11,-11,,2.5,
1997-09-01,JEFG,t-10,-10,,3.9,
1997-09-01,JEFG,t-9,-9,,4.5,
1997-09-01,JEFG,t-8,-8,,5.1,
1997-09-01,JEFG,t-7,-7,,5.1,
1997-09-01,JEFG,t-6,-6,,3.7,
1997-09-01,JEFG,t-5,-5,,3.1,
1997-09-01,JEFG,t-4,-4,,2.1,
1997-09-01,JEFG,t-3,-3,,1.5,
1997-09-01,JEFG,t-2,-2,,1.3,
1997-09-01,JEFG,t-1,-1,,0.3,
1997-09-01,JEFG,t,0,0.1,-0.3,-0.4
1997-09-01,JEFG,t+1,1,-0.1,-0.2,-0.1
1997-09-01,JEFG,t+2,2,0.2,-0.2,-0.4
1997-09-01,JEFG,t+3,3,0.9,0.7,-0.20000000000000007
1997-09-01,JEFG,t+4,4,1.3,1.3,0.0
1997-09-01,JEFG,t+5,5,1.9,1.6,-0.2999999999999998
1997-09-01,JEFG,t+6,6,2.2,1.2,-1.0000000000000002
1997-09-01,JEFG,t+7,7,2.3,1.1,-1.1999999999999997
1997-09-01,JEFG,t+8,8,,1.7,
1997-09-01,JEFG,t+9,9,,1.8,
1997-09-01,JEFG,t+10,10,,2.8,
1997-09-01,JEFG,t+11,11,,3.2,
1997-12-01,JEFG,t-12,-12,,2.5,
1997-12-01,JEFG,t-11,-11,,3.9,
1997-12-01,JEFG,t-10,-10,,4.5,
1997-12-01,JEFG,t-9,-9,,5.1,
1997-12-01,JEFG,t-8,-8,,5.1,
1997-12-01,JEFG,t-7,-7,,3.7,
1997-12-01,JEFG,t-6,-6,,3.1,
1997-12-01,JEFG,t-5,-5,,2.1,
1997-12-01,JEFG,t-4,-4,,1.5,
1997-12-01,JEFG,t-3,-3,,1.3,
1997-12-01,JEFG,t-2,-2,,0.3,
1997-12-01,JEFG,t-1,-1,,-0.3,
1997-12-01,JEFG,t,0,-0.5,-0.2,0.3
1997-12-01,JEFG,t+1,1,-0.2,-0.2,0.0
1997-12-01,JEFG,t+2,2,0.6,0.7,0.09999999999999998
1997-12-01,JEFG,t+3,3,1.4,1.3,-0.09999999999999987
1997-12-01,JEFG,t+4,4,2.0,1.6,-0.3999999999999999
1997-12-01,JEFG,t+5,5,2.3,1.2,-1.0999999999999999
1997-12-01,JEFG,t+6,6,2.4,1.1,-1.2999999999999998
1997-12-01,JEFG,t+7,7,,1.7,
1997-12-01,JEFG,t+8,8,,1.8,
1997-12-01,JEFG,t+9,9,,2.8,
1997-12-01,JEFG,t+10,10,,3.2,
1997-12-01,JEFG,t+11,11,,6.1,
1998-03-01,JEFG,t-12,-12,,3.9,
1998-03-01,JEFG,t-11,-11,,4.5,
1998-03-01,JEFG,t-10,-10,,5.1,
1998-03-01,JEFG,t-9,-9,,5.1,
1998-03-01,JEFG,t-8,-8,,3.7,
1998-03-01,JEFG,t-7,-7,,3.1,
1998-03-01,JEFG,t-6,-6,,2.1,
1998-03-01,JEFG,t-5,-5,,1.5,
1998-03-01,JEFG,t-4,-4,,1.3,
1998-03-01,JEFG,t-3,-3,,0.3,
1998-03-01,JEFG,t-2,-2,,-0.3,
1998-03-01,JEFG,t-1,-1,,-0.2,
1998-03-01,JEFG,t,0,0.0,-0.2,-0.2
1998-03-01,JEFG,t+1,1,0.9,0.7,-0.20000000000000007
1998-03-01,JEFG,t+2,2,1.8,1.3,-0.5
1998-03-01,JEFG,t+3,3,2.2,1.6,-0.6000000000000001
1998-03-01,JEFG,t+4,4,2.6,1.2,-1.4000000000000001
1998-03-01,JEFG,t+5,5,2.5,1.1,-1.4
1998-03-01,JEFG,t+6,6,2.5,1.7,-0.8
1998-03-01,JEFG,t+7,7,2.4,1.8,-0.5999999999999999
1998-03-01,JEFG,t+8,8,2.3,2.8,0.5
1998-03-01,JEFG,t+9,9,2.2,3.2,1.0
1998-03-01,JEFG,t+10,10,,6.1,
1998-03-01,JEFG,t+11,11,,5.8,
1998-06-01,JEFG/SMP,t-12,-12,,4.5,
1998-06-01,JEFG/SMP,t-11,-11,,5.1,
1998-06-01,JEFG/SMP,t-10,-10,,5.1,
1998-06-01,JEFG/SMP,t-9,-9,,3.7,
1998-06-01,JEFG/SMP,t-8,-8,,3.1,
1998-06-01,JEFG/SMP,t-7,-7,,2.1,
1998-06-01,JEFG/SMP,t-6,-6,,1.5,
1998-06-01,JEFG/SMP,t-5,-5,,1.3,
1998-06-01,JEFG/SMP,t-4,-4,,0.3,
1998-06-01,JEFG/SMP,t-3,-3,,-0.3,
1998-06-01,JEFG/SMP,t-2,-2,,-0.2,
1998-06-01,JEFG/SMP,t-1,-1,,-0.2,
1998-06-01,JEFG/SMP,t,0,0.7,0.7,0.0
1998-06-01,JEFG/SMP,t+1,1,1.5,1.3,-0.19999999999999996
1998-06-01,JEFG/SMP,t+2,2,2.1,1.6,-0.5
1998-06-01,JEFG/SMP,t+3,3,2.6,1.2,-1.4000000000000001
1998-06-01,JEFG/SMP,t+4,4,2.6,1.1,-1.5
1998-06-01,JEFG/SMP,t+5,5,2.9,1.7,-1.2
1998-06-01,JEFG/SMP,t+6,6,2.8,1.8,-0.9999999999999998
1998-06-01,JEFG/SMP,t+7,7,2.8,2.8,0.0
1998-06-01,JEFG/SMP,t+8,8,2.7,3.2,0.5
1998-06-01,JEFG/SMP,t+9,9,,6.1,
1998-06-01,JEFG/SMP,t+10,10,,5.8,
1998-06-01,JEFG/SMP,t+11,11,,6.0,
1998-09-01,SMP,t-12,-12,,5.1,
1998-09-01,SMP,t-11,-11,,5.1,
1998-09-01,SMP,t-10,-10,,3.7,
1998-09-01,SMP,t-9,-9,,3.1,
1998-09-01,SMP,t-8,-8,,2.1,
1998-09-01,SMP,t-7,-7,,1.5,
1998-09-01,SMP,t-6,-6,,1.3,
1998-09-01,SMP,t-5,-5,,0.3,
1998-09-01,SMP,t-4,-4,,-0.3,
1998-09-01,SMP,t-3,-3,,-0.2,
1998-09-01,SMP,t-2,-2,,-0.2,
1998-09-01,SMP,t-1,-1,,0.7,
1998-09-01,SMP,t,0,1.7,1.3,-0.3999999999999999
1998-09-01,SMP,t+1,1,2.1,1.6,-0.5
1998-09-01,SMP,t+2,2,2.6,1.2,-1.4000000000000001
1998-09-01,SMP,t+3,3,2.7,1.1,-1.6
1998-09-01,SMP,t+4,4,2.8,1.7,-1.0999999999999999
1998-09-01,SMP,t+5,5,2.7,1.8,-0.9000000000000001
1998-09-01,SMP,t+6,6,2.5,2.8,0.2999999999999998
1998-09-01,SMP,t+7,7,2.3,3.2,0.9000000000000004
1998-09-01,SMP,t+8,8,,6.1,
1998-09-01,SMP,t+9,9,,5.8,
1998-09-01,SMP,t+10,10,,6.0,
1998-09-01,SMP,t+11,11,,6.0,
1998-12-01,JEFG/SMP,t-12,-12,,5.1,
1998-12-01,JEFG/SMP,t-11,-11,,3.7,
1998-12-01,JEFG/SMP,t-10,-10,,3.1,
1998-12-01,JEFG/SMP,t-9,-9,,2.1,
1998-12-01,JEFG/SMP,t-8,-8,,1.5,
1998-12-01,JEFG/SMP,t-7,-7,,1.3,
1998-12-01,JEFG/SMP,t-6,-6,,0.3,
1998-12-01,JEFG/SMP,t-5,-5,,-0.3,
1998-12-01,JEFG/SMP,t-4,-4,,-0.2,
1998-12-01,JEFG/SMP,t-3,-3,,-0.2,
1998-12-01,JEFG/SMP,t-2,-2,,0.7,
1998-12-01,JEFG/SMP,t-1,-1,,1.3,
1998-12-01,JEFG/SMP,t,0,2.0,1.6,-0.3999999999999999
1998-12-01,JEFG/SMP,t+1,1,2.4,1.2,-1.2
1998-12-01,JEFG/SMP,t+2,2,2.6,1.1,-1.5
1998-12-01,JEFG/SMP,t+3,3,2.9,1.7,-1.2
1998-12-01,JEFG/SMP,t+4,4,3.0,1.8,-1.2
1998-12-01,JEFG/SMP,t+5,5,3.0,2.8,-0.20000000000000018
1998-12-01,JEFG/SMP,t+6,6,2.9,3.2,0.30000000000000027
1998-12-01,JEFG/SMP,t+7,7,,6.1,
1998-12-01,JEFG/SMP,t+8,8,,5.8,
1998-12-01,JEFG/SMP,t+9,9,,6.0,
1998-12-01,JEFG/SMP,t+10,10,,6.0,
1998-12-01,JEFG/SMP,t+11,11,,2.5,
1999-03-01,JEFG/SMP,t-12,-12,,3.7,
1999-03-01,JEFG/SMP,t-11,-11,,3.1,
1999-03-01,JEFG/SMP,t-10,-10,,2.1,
1999-03-01,JEFG/SMP,t-9,-9,,1.5,
1999-03-01,JEFG/SMP,t-8,-8,,1.3,
1999-03-01,JEFG/SMP,t-7,-7,,0.3,
1999-03-01,JEFG/SMP,t-6,-6,,-0.3,
1999-03-01,JEFG/SMP,t-5,-5,,-0.2,
1999-03-01,JEFG/SMP,t-4,-4,,-0.2,
1999-03-01,JEFG/SMP,t-3,-3,,0.7,
1999-03-01,JEFG/SMP,t-2,-2,,1.3,
1999-03-01,JEFG/SMP,t-1,-1,,1.6,
1999-03-01,JEFG/SMP,t,0,1.4,1.2,-0.19999999999999996
1999-03-01,JEFG/SMP,t+1,1,1.4,1.1,-0.2999999999999998
1999-03-01,JEFG/SMP,t+2,2,1.3,1.7,0.3999999999999999
1999-03-01,JEFG/SMP,t+3,3,1.9,1.8,-0.09999999999999987
1999-03-01,JEFG/SMP,t+4,4,2.3,2.8,0.5
1999-03-01,JEFG/SMP,t+5,5,2.3,3.2,0.9000000000000004
1999-03-01,JEFG/SMP,t+6,6,5.5,6.1,0.5999999999999996
1999-03-01,JEFG/SMP,t+7,7,5.1,5.8,0.7000000000000002
1999-03-01,JEFG/SMP,t+8,8,5.0,6.0,1.0
1999-03-01,JEFG/SMP,t+9,9,4.9,6.0,1.0999999999999996
1999-03-01,JEFG/SMP,t+10,10,,2.5,
1999-03-01,JEFG/SMP,t+11,11,,3.1,
1999-06-01,JEFG,t-12,-12,,3.1,
1999-06-01,JEFG,t-11,-11,,2.1,
1999-06-01,JEFG,t-10,-10,,1.5,
1999-06-01,JEFG,t-9,-9,,1.3,
1999-06-01,JEFG,t-8,-8,,0.3,
1999-06-01,JEFG,t-7,-7,,-0.3,
1999-06-01,JEFG,t-6,-6,,-0.2,
1999-06-01,JEFG,t-5,-5,,-0.2,
1999-06-01,JEFG,t-4,-4,,0.7,
1999-06-01,JEFG,t-3,-3,,1.3,
1999-06-01,JEFG,t-2,-2,,1.6,
1999-06-01,JEFG,t-1,-1,,1.2,
1999-06-01,JEFG,t,0,1.3,1.1,-0.19999999999999996
1999-06-01,JEFG,t+1,1,1.6,1.7,0.09999999999999987
1999-06-01,JEFG,t+2,2,1.9,1.8,-0.09999999999999987
1999-06-01,JEFG,t+3,3,2.5,2.8,0.2999999999999998
1999-06-01,JEFG,t+4,4,2.2,3.2,1.0
1999-06-01,JEFG,t+5,5,6.2,6.1,-0.10000000000000053
1999-06-01,JEFG,t+6,6,5.7,5.8,0.09999999999999964
1999-06-01,JEFG,t+7,7,5.4,6.0,0.5999999999999996
1999-06-01,JEFG,t+8,8,5.1,6.0,0.9000000000000004
1999-06-01,JEFG,t+9,9,,2.5,
1999-06-01,JEFG,t+10,10,,3.1,
1999-06-01,JEFG,t+11,11,,2.9,
1999-09-01,JEFG/SMP,t-12,-12,,2.1,
1999-09-01,JEFG/SMP,t-11,-11,,1.5,
1999-09-01,JEFG/SMP,t-10,-10,,1.3,
1999-09-01,JEFG/SMP,t-9,-9,,0.3,
1999-09-01,JEFG/SMP,t-8,-8,,-0.3,
1999-09-01,JEFG/SMP,t-7,-7,,-0.2,
1999-09-01,JEFG/SMP,t-6,-6,,-0.2,
1999-09-01,JEFG/SMP,t-5,-5,,0.7,
1999-09-01,JEFG/SMP,t-4,-4,,1.3,
1999-09-01,JEFG/SMP,t-3,-3,,1.6,
1999-09-01,JEFG/SMP,t-2,-2,,1.2,
1999-09-01,JEFG/SMP,t-1,-1,,1.1,
1999-09-01,JEFG/SMP,t,0,1.6,1.7,0.09999999999999987
1999-09-01,JEFG/SMP,t+1,1,1.9,1.8,-0.09999999999999987
1999-09-01,JEFG/SMP,t+2,2,2.2,2.8,0.5999999999999996
1999-09-01,JEFG/SMP,t+3,3,2.3,3.2,0.9000000000000004
1999-09-01,JEFG/SMP,t+4,4,6.5,6.1,-0.40000000000000036
1999-09-01,JEFG/SMP,t+5,5,5.9,5.8,-0.10000000000000053
1999-09-01,JEFG/SMP,t+6,6,5.5,6.0,0.5
1999-09-01,JEFG/SMP,t+7,7,5.5,6.0,0.5
1999-09-01,JEFG/SMP,t+8,8,,2.5,
1999-09-01,JEFG/SMP,t+9,9,,3.1,
1999-09-01,JEFG/SMP,t+10,10,,2.9,
1999-09-01,JEFG/SMP,t+11,11,,2.8,
1999-12-01,JEFG/SMP,t-12,-12,,1.5,
1999-12-01,JEFG/SMP,t-11,-11,,1.3,
1999-12-01,JEFG/SMP,t-10,-10,,0.3,
1999-12-01,JEFG/SMP,t-9,-9,,-0.3,
1999-12-01,JEFG/SMP,t-8,-8,,-0.2,
1999-12-01,JEFG/SMP,t-7,-7,,-0.2,
1999-12-01,JEFG/SMP,t-6,-6,,0.7,
1999-12-01,JEFG/SMP,t-5,-5,,1.3,
1999-12-01,JEFG/SMP,t-4,-4,,1.6,
1999-12-01,JEFG/SMP,t-3,-3,,1.2,
1999-12-01,JEFG/SMP,t-2,-2,,1.1,
1999-12-01,JEFG/SMP,t-1,-1,,1.7,
1999-12-01,JEFG/SMP,t,0,2.3,1.8,-0.4999999999999998
1999-12-01,JEFG/SMP,t+1,1,2.6,2.8,0.19999999999999973
1999-12-01,JEFG/SMP,t+2,2,2.8,3.2,0.40000000000000036
1999-12-01,JEFG/SMP,t+3,3,7.1,6.1,-1.0
1999-12-01,JEFG/SMP,t+4,4,6.3,5.8,-0.5
1999-12-01,JEFG/SMP,t+5,5,5.9,6.0,0.09999999999999964
1999-12-01,JEFG/SMP,t+6,6,5.8,6.0,0.20000000000000018
1999-12-01,JEFG/SMP,t+7,7,,2.5,
1999-12-01,JEFG/SMP,t+8,8,,3.1,
1999-12-01,JEFG/SMP,t+9,9,,2.9,
1999-12-01,JEFG/SMP,t+10,10,,2.8,
1999-12-01,JEFG/SMP,t+11,11,,3.2,
2000-03-01,JEFG/PDG/SMP,t-12,-12,,1.3,
2000-03-01,JEFG/PDG/SMP,t-11,-11,,0.3,
2000-03-01,JEFG/PDG/SMP,t-10,-10,,-0.3,
2000-03-01,JEFG/PDG/SMP,t-9,-9,,-0.2,
2000-03-01,JEFG/PDG/SMP,t-8,-8,,-0.2,
2000-03-01,JEFG/PDG/SMP,t-7,-7,,0.7,
2000-03-01,JEFG/PDG/SMP,t-6,-6,,1.3,
2000-03-01,JEFG/PDG/SMP,t-5,-5,,1.6,
2000-03-01,JEFG/PDG/SMP,t-4,-4,,1.2,
2000-03-01,JEFG/PDG/SMP,t-3,-3,,1.1,
2000-03-01,JEFG/PDG/SMP,t-2,-2,,1.7,
2000-03-01,JEFG/PDG/SMP,t-1,-1,,1.8,
2000-03-01,JEFG/PDG/SMP,t,0,2.8,2.8,0.0
2000-03-01,JEFG/PDG/SMP,t+1,1,2.8,3.2,0.40000000000000036
2000-03-01,JEFG/PDG/SMP,t+2,2,7.1,6.1,-1.0
2000-03-01,JEFG/PDG/SMP,t+3,3,6.8,5.8,-1.0
2000-03-01,JEFG/PDG/SMP,t+4,4,6.1,6.0,-0.09999999999999964
2000-03-01,JEFG/PDG/SMP,t+5,5,5.8,6.0,0.20000000000000018
2000-03-01,JEFG/PDG/SMP,t+6,6,1.6,2.5,0.8999999999999999
2000-03-01,JEFG/PDG/SMP,t+7,7,2.2,3.1,0.8999999999999999
2000-03-01,JEFG/PDG/SMP,t+8,8,,2.9,
2000-03-01,JEFG/PDG/SMP,t+9,9,,2.8,
2000-03-01,JEFG/PDG/SMP,t+10,10,,3.2,
2000-03-01,JEFG/PDG/SMP,t+11,11,,3.0,
2000-05-01,PDG,t-12,-12,,0.3,
2000-05-01,PDG,t-11,-11,,-0.3,
2000-05-01,PDG,t-10,-10,,-0.2,
2000-05-01,PDG,t-9,-9,,-0.2,
2000-05-01,PDG,t-8,-8,,0.7,
2000-05-01,PDG,t-7,-7,,1.3,
2000-05-01,PDG,t-6,-6,,1.6,
2000-05-01,PDG,t-5,-5,,1.2,
2000-05-01,PDG,t-4,-4,,1.1,
2000-05-01,PDG,t-3,-3,,1.7,
2000-05-01,PDG,t-2,-2,,1.8,
2000-05-01,PDG,t-1,-1,,2.8,
2000-05-01,PDG,t,0,3.1,3.2,0.10000000000000009
2000-05-01,PDG,t+1,1,7.1,6.1,-1.0
2000-05-01,PDG,t+2,2,6.8,5.8,-1.0
2000-05-01,PDG,t+3,3,6.0,6.0,0.0
2000-05-01,PDG,t+4,4,6.0,6.0,0.0
2000-05-01,PDG,t+5,5,1.6,2.5,0.8999999999999999
2000-05-01,PDG,t+6,6,2.3,3.1,0.8000000000000003
2000-05-01,PDG,t+7,7,,2.9,
2000-05-01,PDG,t+8,8,,2.8,
2000-05-01,PDG,t+9,9,,3.2,
2000-05-01,PDG,t+10,10,,3.0,
2000-05-01,PDG,t+11,11,,3.4,
2000-08-01,PDG,t-12,-12,,-0.3,
2000-08-01,PDG,t-11,-11,,-0.2,
2000-08-01,PDG,t-10,-10,,-0.2,
2000-08-01,PDG,t-9,-9,,0.7,
2000-08-01,PDG,t-8,-8,,1.3,
2000-08-01,PDG,t-7,-7,,1.6,
2000-08-01,PDG,t-6,-6,,1.2,
2000-08-01,PDG,t-5,-5,,1.1,
2000-08-01,PDG,t-4,-4,,1.7,
2000-08-01,PDG,t-3,-3,,1.8,
2000-08-01,PDG,t-2,-2,,2.8,
2000-08-01,PDG,t-1,-1,,3.2,
2000-08-01,PDG,t,0,6.8,6.1,-0.7000000000000002
2000-08-01,PDG,t+1,1,6.5,5.8,-0.7000000000000002
2000-08-01,PDG,t+2,2,6.0,6.0,0.0
2000-08-01,PDG,t+3,3,6.0,6.0,0.0
2000-08-01,PDG,t+4,4,1.6,2.5,0.8999999999999999
2000-08-01,PDG,t+5,5,2.3,3.1,0.8000000000000003
2000-08-01,PDG,t+6,6,3.0,2.9,-0.10000000000000009
2000-08-01,PDG,t+7,7,3.2,2.8,-0.40000000000000036
2000-08-01,PDG,t+8,8,,3.2,
2000-08-01,PDG,t+9,9,,3.0,
2000-08-01,PDG,t+10,10,,3.4,
2000-08-01,PDG,t+11,11,,2.7,
2000-11-01,PDG,t-12,-12,,-0.2,
2000-11-01,PDG,t-11,-11,,-0.2,
2000-11-01,PDG,t-10,-10,,0.7,
2000-11-01,PDG,t-9,-9,,1.3,
2000-11-01,PDG,t-8,-8,,1.6,
2000-11-01,PDG,t-7,-7,,1.2,
2000-11-01,PDG,t-6,-6,,1.1,
2000-11-01,PDG,t-5,-5,,1.7,
2000-11-01,PDG,t-4,-4,,1.8,
2000-11-01,PDG,t-3,-3,,2.8,
2000-11-01,PDG,t-2,-2,,3.2,
2000-11-01,PDG,t-1,-1,,6.1,
2000-11-01,PDG,t,0,6.4,5.8,-0.6000000000000005
2000-11-01,PDG,t+1,1,6.6,6.0,-0.5999999999999996
2000-11-01,PDG,t+2,2,5.3,6.0,0.7000000000000002
2000-11-01,PDG,t+3,3,2.0,2.5,0.5
2000-11-01,PDG,t+4,4,2.5,3.1,0.6000000000000001
2000-11-01,PDG,t+5,5,2.2,2.9,0.6999999999999997
2000-11-01,PDG,t+6,6,2.4,2.8,0.3999999999999999
2000-11-01,PDG,t+7,7,,3.2,
2000-11-01,PDG,t+8,8,,3.0,
2000-11-01,PDG,t+9,9,,3.4,
2000-11-01,PDG,t+10,10,,2.7,
2000-11-01,PDG,t+11,11,,2.6,
2001-02-01,PDG,t-12,-12,,-0.2,
2001-02-01,PDG,t-11,-11,,0.7,
2001-02-01,PDG,t-10,-10,,1.3,
2001-02-01,PDG,t-9,-9,,1.6,
2001-02-01,PDG,t-8,-8,,1.2,
2001-02-01,PDG,t-7,-7,,1.1,
2001-02-01,PDG,t-6,-6,,1.7,
2001-02-01,PDG,t-5,-5,,1.8,
2001-02-01,PDG,t-4,-4,,2.8,
2001-02-01,PDG,t-3,-3,,3.2,
2001-02-01,PDG,t-2,-2,,6.1,
2001-02-01,PDG,t-1,-1,5.8,5.8,
2001-02-01,PDG,t,0,5.5,6.0,0.5
2001-02-01,PDG,t+1,1,5.1,6.0,0.9000000000000004
2001-02-01,PDG,t+2,2,1.8,2.5,0.7
2001-02-01,PDG,t+3,3,2.0,3.1,1.1
2001-02-01,PDG,t+4,4,2.1,2.9,0.7999999999999998
2001-02-01,PDG,t+5,5,2.0,2.8,0.7999999999999998
2001-02-01,PDG,t+6,6,2.0,3.2,1.2000000000000002
2001-02-01,PDG,t+7,7,2.0,3.0,1.0
2001-02-01,PDG,t+8,8,1.9,3.4,1.5
2001-02-01,PDG,t+9,9,2.0,2.7,0.7000000000000002
2001-02-01,PDG,t+10,10,,2.6,
2001-02-01,PDG,t+11,11,,2.4,
2001-05-01,PDG,t-12,-12,,0.7,
2001-05-01,PDG,t-11,-11,,1.3,
2001-05-01,PDG,t-10,-10,,1.6,
2001-05-01,PDG,t-9,-9,,1.2,
2001-05-01,PDG,t-8,-8,,1.1,
2001-05-01,PDG,t-7,-7,,1.7,
2001-05-01,PDG,t-6,-6,,1.8,
2001-05-01,PDG,t-5,-5,,2.8,
2001-05-01,PDG,t-4,-4,,3.2,
2001-05-01,PDG,t-3,-3,,6.1,
2001-05-01,PDG,t-2,-2,,5.8,
2001-05-01,PDG,t-1,-1,6.0,6.0,
2001-05-01,PDG,t,0,5.9,6.0,0.09999999999999964
2001-05-01,PDG,t+1,1,2.5,2.5,0.0
2001-05-01,PDG,t+2,2,2.7,3.1,0.3999999999999999
2001-05-01,PDG,t+3,3,2.3,2.9,0.6000000000000001
2001-05-01,PDG,t+4,4,2.0,2.8,0.7999999999999998
2001-05-01,PDG,t+5,5,2.2,3.2,1.0
2001-05-01,PDG,t+6,6,2.2,3.0,0.7999999999999998
2001-05-01,PDG,t+7,7,2.3,3.4,1.1
2001-05-01,PDG,t+8,8,2.3,2.7,0.40000000000000036
2001-05-01,PDG,t+9,9,,2.6,
2001-05-01,PDG,t+10,10,,2.4,
2001-05-01,PDG,t+11,11,,2.0,
2001-08-01,PDG,t-12,-12,,1.3,
2001-08-01,PDG,t-11,-11,,1.6,
2001-08-01,PDG,t-10,-10,,1.2,
2001-08-01,PDG,t-9,-9,,1.1,
2001-08-01,PDG,t-8,-8,,1.7,
2001-08-01,PDG,t-7,-7,,1.8,
2001-08-01,PDG,t-6,-6,,2.8,
2001-08-01,PDG,t-5,-5,,3.2,
2001-08-01,PDG,t-4,-4,,6.1,
2001-08-01,PDG,t-3,-3,,5.8,
2001-08-01,PDG,t-2,-2,,6.0,
2001-08-01,PDG,t-1,-1,6.0,6.0,
2001-08-01,PDG,t,0,2.8,2.5,-0.2999999999999998
2001-08-01,PDG,t+1,1,3.2,3.1,-0.10000000000000009
2001-08-01,PDG,t+2,2,2.9,2.9,0.0
2001-08-01,PDG,t+3,3,2.7,2.8,0.09999999999999964
2001-08-01,PDG,t+4,4,2.8,3.2,0.40000000000000036
2001-08-01,PDG,t+5,5,2.5,3.0,0.5
2001-08-01,PDG,t+6,6,2.4,3.4,1.0
2001-08-01,PDG,t+7,7,2.3,2.7,0.40000000000000036
2001-08-01,PDG,t+8,8,,2.6,
2001-08-01,PDG,t+9,9,,2.4,
2001-08-01,PDG,t+10,10,,2.0,
2001-08-01,PDG,t+11,11,,2.5,
2001-11-01,PDG,t-12,-12,,1.6,
2001-11-01,PDG,t-11,-11,,1.2,
2001-11-01,PDG,t-10,-10,,1.1,
2001-11-01,PDG,t-9,-9,,1.7,
2001-11-01,PDG,t-8,-8,,1.8,
2001-11-01,PDG,t-7,-7,,2.8,
2001-11-01,PDG,t-6,-6,,3.2,
2001-11-01,PDG,t-5,-5,,6.1,
2001-11-01,PDG,t-4,-4,,5.8,
2001-11-01,PDG,t-3,-3,,6.0,
2001-11-01,PDG,t-2,-2,,6.0,
2001-11-01,PDG,t-1,-1,2.5,2.5,
2001-11-01,PDG,t,0,2.6,3.1,0.5
2001-11-01,PDG,t+1,1,2.3,2.9,0.6000000000000001
2001-11-01,PDG,t+2,2,2.1,2.8,0.6999999999999997
2001-11-01,PDG,t+3,3,2.4,3.2,0.8000000000000003
2001-11-01,PDG,t+4,4,2.4,3.0,0.6000000000000001
2001-11-01,PDG,t+5,5,2.3,3.4,1.1
2001-11-01,PDG,t+6,6,2.1,2.7,0.6000000000000001
2001-11-01,PDG,t+7,7,,2.6,
2001-11-01,PDG,t+8,8,,2.4,
2001-11-01,PDG,t+9,9,,2.0,
2001-11-01,PDG,t+10,10,,2.5,
2001-11-01,PDG,t+11,11,,2.3,
2002-02-01,PDG,t-12,-12,,1.2,
2002-02-01,PDG,t-11,-11,,1.1,
2002-02-01,PDG,t-10,-10,,1.7,
2002-02-01,PDG,t-9,-9,,1.8,
2002-02-01,PDG,t-8,-8,,2.8,
2002-02-01,PDG,t-7,-7,,3.2,
2002-02-01,PDG,t-6,-6,,6.1,
2002-02-01,PDG,t-5,-5,,5.8,
2002-02-01,PDG,t-4,-4,,6.0,
2002-02-01,PDG,t-3,-3,,6.0,
2002-02-01,PDG,t-2,-2,,2.5,
2002-02-01,PDG,t-1,-1,3.1,3.1,
2002-02-01,PDG,t,0,2.8,2.9,0.10000000000000009
2002-02-01,PDG,t+1,1,2.6,2.8,0.19999999999999973
2002-02-01,PDG,t+2,2,3.0,3.2,0.20000000000000018
2002-02-01,PDG,t+3,3,2.6,3.0,0.3999999999999999
2002-02-01,PDG,t+4,4,2.5,3.4,0.8999999999999999
2002-02-01,PDG,t+5,5,2.3,2.7,0.40000000000000036
2002-02-01,PDG,t+6,6,,2.6,
2002-02-01,PDG,t+7,7,,2.4,
2002-02-01,PDG,t+8,8,,2.0,
2002-02-01,PDG,t+9,9,,2.5,
2002-02-01,PDG,t+10,10,,2.3,
2002-02-01,PDG,t+11,11,,2.6,
2002-05-01,PDG,t-12,-12,,1.1,
2002-05-01,PDG,t-11,-11,,1.7,
2002-05-01,PDG,t-10,-10,,1.8,
2002-05-01,PDG,t-9,-9,,2.8,
2002-05-01,PDG,t-8,-8,,3.2,
2002-05-01,PDG,t-7,-7,,6.1,
2002-05-01,PDG,t-6,-6,,5.8,
2002-05-01,PDG,t-5,-5,,6.0,
2002-05-01,PDG,t-4,-4,,6.0,
2002-05-01,PDG,t-3,-3,,2.5,
2002-05-01,PDG,t-2,-2,,3.1,
2002-05-01,PDG,t-1,-1,2.9,2.9,
2002-05-01,PDG,t,0,2.9,2.8,-0.10000000000000009
2002-05-01,PDG,t+1,1,3.1,3.2,0.10000000000000009
2002-05-01,PDG,t+2,2,2.8,3.0,0.20000000000000018
2002-05-01,PDG,t+3,3,2.8,3.4,0.6000000000000001
2002-05-01,PDG,t+4,4,2.7,2.7,0.0
2002-05-01,PDG,t+5,5,2.8,2.6,-0.19999999999999973
2002-05-01,PDG,t+6,6,2.9,2.4,-0.5
2002-05-01,PDG,t+7,7,3.0,2.0,-1.0
2002-05-01,PDG,t+8,8,3.1,2.5,-0.6000000000000001
2002-05-01,PDG,t+9,9,,2.3,
2002-05-01,PDG,t+10,10,,2.6,
2002-05-01,PDG,t+11,11,,2.4,
2002-08-01,PDG,t-12,-12,,1.7,
2002-08-01,PDG,t-11,-11,,1.8,
2002-08-01,PDG,t-10,-10,,2.8,
2002-08-01,PDG,t-9,-9,,3.2,
2002-08-01,PDG,t-8,-8,,6.1,
2002-08-01,PDG,t-7,-7,,5.8,
2002-08-01,PDG,t-6,-6,,6.0,
2002-08-01,PDG,t-5,-5,,6.0,
2002-08-01,PDG,t-4,-4,,2.5,
2002-08-01,PDG,t-3,-3,,3.1,
2002-08-01,PDG,t-2,-2,,2.9,
2002-08-01,PDG,t-1,-1,2.8,2.8,
2002-08-01,PDG,t,0,3.1,3.2,0.10000000000000009
2002-08-01,PDG,t+1,1,2.7,3.0,0.2999999999999998
2002-08-01,PDG,t+2,2,2.7,3.4,0.6999999999999997
2002-08-01,PDG,t+3,3,2.6,2.7,0.10000000000000009
2002-08-01,PDG,t+4,4,2.8,2.6,-0.19999999999999973
2002-08-01,PDG,t+5,5,2.9,2.4,-0.5
2002-08-01,PDG,t+6,6,2.9,2.0,-0.8999999999999999
2002-08-01,PDG,t+7,7,3.0,2.5,-0.5
2002-08-01,PDG,t+8,8,,2.3,
2002-08-01,PDG,t+9,9,,2.6,
2002-08-01,PDG,t+10,10,,2.4,
2002-08-01,PDG,t+11,11,,2.5,
2002-11-01,PDG,t-12,-12,,1.8,
2002-11-01,PDG,t-11,-11,,2.8,
2002-11-01,PDG,t-10,-10,,3.2,
2002-11-01,PDG,t-9,-9,,6.1,
2002-11-01,PDG,t-8,-8,,5.8,
2002-11-01,PDG,t-7,-7,,6.0,
2002-11-01,PDG,t-6,-6,,6.0,
2002-11-01,PDG,t-5,-5,,2.5,
2002-11-01,PDG,t-4,-4,,3.1,
2002-11-01,PDG,t-3,-3,,2.9,
2002-11-01,PDG,t-2,-2,,2.8,
2002-11-01,PDG,t-1,-1,3.2,3.2,
2002-11-01,PDG,t,0,3.1,3.0,-0.10000000000000009
2002-11-01,PDG,t+1,1,2.9,3.4,0.5
2002-11-01,PDG,t+2,2,2.8,2.7,-0.09999999999999964
2002-11-01,PDG,t+3,3,2.9,2.6,-0.2999999999999998
2002-11-01,PDG,t+4,4,2.8,2.4,-0.3999999999999999
2002-11-01,PDG,t+5,5,2.7,2.0,-0.7000000000000002
2002-11-01,PDG,t+6,6,2.9,2.5,-0.3999999999999999
2002-11-01,PDG,t+7,7,,2.3,
2002-11-01,PDG,t+8,8,,2.6,
2002-11-01,PDG,t+9,9,,2.4,
2002-11-01,PDG,t+10,10,,2.5,
2002-11-01,PDG,t+11,11,,3.0,
2003-02-01,PDG,t-12,-12,,2.8,
2003-02-01,PDG,t-11,-11,,3.2,
2003-02-01,PDG,t-10,-10,,6.1,
2003-02-01,PDG,t-9,-9,,5.8,
2003-02-01,PDG,t-8,-8,,6.0,
2003-02-01,PDG,t-7,-7,,6.0,
2003-02-01,PDG,t-6,-6,,2.5,
2003-02-01,PDG,t-5,-5,,3.1,
2003-02-01,PDG,t-4,-4,,2.9,
2003-02-01,PDG,t-3,-3,,2.8,
2003-02-01,PDG,t-2,-2,,3.2,
2003-02-01,PDG,t-1,-1,3.0,3.0,
2003-02-01,PDG,t,0,3.1,3.4,0.2999999999999998
2003-02-01,PDG,t+1,1,2.9,2.7,-0.19999999999999973
2003-02-01,PDG,t+2,2,2.6,2.6,0.0
2003-02-01,PDG,t+3,3,2.5,2.4,-0.10000000000000009
2003-02-01,PDG,t+4,4,2.3,2.0,-0.2999999999999998
2003-02-01,PDG,t+5,5,2.4,2.5,0.10000000000000009
2003-02-01,PDG,t+6,6,,2.3,
2003-02-01,PDG,t+7,7,,2.6,
2003-02-01,PDG,t+8,8,,2.4,
2003-02-01,PDG,t+9,9,,2.5,
2003-02-01,PDG,t+10,10,,3.0,
2003-02-01,PDG,t+11,11,,2.8,
2003-05-01,PDG,t-12,-12,,3.2,
2003-05-01,PDG,t-11,-11,,6.1,
2003-05-01,PDG,t-10,-10,,5.8,
2003-05-01,PDG,t-9,-9,,6.0,
2003-05-01,PDG,t-8,-8,,6.0,
2003-05-01,PDG,t-7,-7,,2.5,
2003-05-01,PDG,t-6,-6,,3.1,
2003-05-01,PDG,t-5,-5,,2.9,
2003-05-01,PDG,t-4,-4,,2.8,
2003-05-01,PDG,t-3,-3,,3.2,
2003-05-01,PDG,t-2,-2,,3.0,
2003-05-01,PDG,t-1,-1,3.4,3.4,
2003-05-01,PDG,t,0,2.8,2.7,-0.09999999999999964
2003-05-01,PDG,t+1,1,2.7,2.6,-0.10000000000000009
2003-05-01,PDG,t+2,2,2.5,2.4,-0.10000000000000009
2003-05-01,PDG,t+3,3,2.0,2.0,0.0
2003-05-01,PDG,t+4,4,2.4,2.5,0.10000000000000009
2003-05-01,PDG,t+5,5,2.4,2.3,-0.10000000000000009
2003-05-01,PDG,t+6,6,2.4,2.6,0.20000000000000018
2003-05-01,PDG,t+7,7,2.5,2.4,-0.10000000000000009
2003-05-01,PDG,t+8,8,2.5,2.5,0.0
2003-05-01,PDG,t+9,9,,3.0,
2003-05-01,PDG,t+10,10,,2.8,
2003-05-01,PDG,t+11,11,,3.0,
2003-08-01,PDG,t-12,-12,,6.1,
2003-08-01,PDG,t-11,-11,,5.8,
2003-08-01,PDG,t-10,-10,,6.0,
2003-08-01,PDG,t-9,-9,,6.0,
2003-08-01,PDG,t-8,-8,,2.5,
2003-08-01,PDG,t-7,-7,,3.1,
2003-08-01,PDG,t-6,-6,,2.9,
2003-08-01,PDG,t-5,-5,,2.8,
2003-08-01,PDG,t-4,-4,,3.2,
2003-08-01,PDG,t-3,-3,,3.0,
2003-08-01,PDG,t-2,-2,,3.4,
2003-08-01,PDG,t-1,-1,2.7,2.7,
2003-08-01,PDG,t,0,2.5,2.6,0.10000000000000009
2003-08-01,PDG,t+1,1,2.1,2.4,0.2999999999999998
2003-08-01,PDG,t+2,2,1.5,2.0,0.5
2003-08-01,PDG,t+3,3,1.9,2.5,0.6000000000000001
2003-08-01,PDG,t+4,4,1.8,2.3,0.4999999999999998
2003-08-01,PDG,t+5,5,1.9,2.6,0.7000000000000002
2003-08-01,PDG,t+6,6,2.0,2.4,0.3999999999999999
2003-08-01,PDG,t+7,7,2.1,2.5,0.3999999999999999
2003-08-01,PDG,t+8,8,,3.0,
2003-08-01,PDG,t+9,9,,2.8,
2003-08-01,PDG,t+10,10,,3.0,
2003-08-01,PDG,t+11,11,,4.0,
2003-11-01,PDG,t-12,-12,,5.8,
2003-11-01,PDG,t-11,-11,,6.0,
2003-11-01,PDG,t-10,-10,,6.0,
2003-11-01,PDG,t-9,-9,,2.5,
2003-11-01,PDG,t-8,-8,,3.1,
2003-11-01,PDG,t-7,-7,,2.9,
2003-11-01,PDG,t-6,-6,,2.8,
2003-11-01,PDG,t-5,-5,,3.2,
2003-11-01,PDG,t-4,-4,,3.0,
2003-11-01,PDG,t-3,-3,,3.4,
2003-11-01,PDG,t-2,-2,,2.7,
2003-11-01,PDG,t-1,-1,2.6,2.6,
2003-11-01,PDG,t,0,2.3,2.4,0.10000000000000009
2003-11-01,PDG,t+1,1,1.6,2.0,0.3999999999999999
2003-11-01,PDG,t+2,2,1.8,2.5,0.7
2003-11-01,PDG,t+3,3,1.7,2.3,0.5999999999999999
2003-11-01,PDG,t+4,4,1.9,2.6,0.7000000000000002
2003-11-01,PDG,t+5,5,1.9,2.4,0.5
2003-11-01,PDG,t+6,6,2.4,2.5,0.10000000000000009
2003-11-01,PDG,t+7,7,,3.0,
2003-11-01,PDG,t+8,8,,2.8,
2003-11-01,PDG,t+9,9,,3.0,
2003-11-01,PDG,t+10,10,,4.0,
2003-11-01,PDG,t+11,11,,3.9,
2004-02-01,PDG,t-12,-12,,6.0,
2004-02-01,PDG,t-11,-11,,6.0,
2004-02-01,PDG,t-10,-10,,2.5,
2004-02-01,PDG,t-9,-9,,3.1,
2004-02-01,PDG,t-8,-8,,2.9,
2004-02-01,PDG,t-7,-7,,2.8,
2004-02-01,PDG,t-6,-6,,3.2,
2004-02-01,PDG,t-5,-5,,3.0,
2004-02-01,PDG,t-4,-4,,3.4,
2004-02-01,PDG,t-3,-3,,2.7,
2004-02-01,PDG,t-2,-2,,2.6,
2004-02-01,PDG,t-1,-1,2.4,2.4,
2004-02-01,PDG,t,0,1.8,2.0,0.19999999999999996
2004-02-01,PDG,t+1,1,1.9,2.5,0.6000000000000001
2004-02-01,PDG,t+2,2,1.7,2.3,0.5999999999999999
2004-02-01,PDG,t+3,3,1.5,2.6,1.1
2004-02-01,PDG,t+4,4,1.4,2.4,1.0
2004-02-01,PDG,t+5,5,1.8,2.5,0.7
2004-02-01,PDG,t+6,6,2.1,3.0,0.8999999999999999
2004-02-01,PDG,t+7,7,2.5,2.8,0.2999999999999998
2004-02-01,PDG,t+8,8,,3.0,
2004-02-01,PDG,t+9,9,,4.0,
2004-02-01,PDG,t+10,10,,3.9,
2004-02-01,PDG,t+11,11,,3.3,
2004-05-01,PDG,t-12,-12,,6.0,
2004-05-01,PDG,t-11,-11,,2.5,
2004-05-01,PDG,t-10,-10,,3.1,
2004-05-01,PDG,t-9,-9,,2.9,
2004-05-01,PDG,t-8,-8,,2.8,
2004-05-01,PDG,t-7,-7,,3.2,
2004-05-01,PDG,t-6,-6,,3.0,
2004-05-01,PDG,t-5,-5,,3.4,
2004-05-01,PDG,t-4,-4,,2.7,
2004-05-01,PDG,t-3,-3,,2.6,
2004-05-01,PDG,t-2,-2,,2.4,
2004-05-01,PDG,t-1,-1,2.0,2.0,
2004-05-01,PDG,t,0,2.3,2.5,0.20000000000000018
2004-05-01,PDG,t+1,1,2.2,2.3,0.09999999999999964
2004-05-01,PDG,t+2,2,1.9,2.6,0.7000000000000002
2004-05-01,PDG,t+3,3,1.9,2.4,0.5
2004-05-01,PDG,t+4,4,2.1,2.5,0.3999999999999999
2004-05-01,PDG,t+5,5,2.3,3.0,0.7000000000000002
2004-05-01,PDG,t+6,6,2.6,2.8,0.19999999999999973
2004-05-01,PDG,t+7,7,,3.0,
2004-05-01,PDG,t+8,8,,4.0,
2004-05-01,PDG,t+9,9,,3.9,
2004-05-01,PDG,t+10,10,,3.3,
2004-05-01,PDG,t+11,11,,2.4,
2004-08-01,SMP,t-12,-12,2.5,2.5,
2004-08-01,SMP,t-11,-11,3.1,3.1,
2004-08-01,SMP,t-10,-10,2.9,2.9,
2004-08-01,SMP,t-9,-9,2.8,2.8,
2004-08-01,SMP,t-8,-8,3.2,3.2,
2004-08-01,SMP,t-7,-7,3.0,3.0,
2004-08-01,SMP,t-6,-6,3.4,3.4,
2004-08-01,SMP,t-5,-5,2.7,2.7,
2004-08-01,SMP,t-4,-4,2.6,2.6,
2004-08-01,SMP,t-3,-3,2.4,2.4,
2004-08-01,SMP,t-2,-2,2.0,2.0,
2004-08-01,SMP,t-1,-1,2.5,2.5,
2004-08-01,SMP,t,0,2.4,2.3,-0.10000000000000009
2004-08-01,SMP,t+1,1,2.2,2.6,0.3999999999999999
2004-08-01,SMP,t+2,2,2.2,2.4,0.19999999999999973
2004-08-01,SMP,t+3,3,2.2,2.5,0.2999999999999998
2004-08-01,SMP,t+4,4,2.3,3.0,0.7000000000000002
2004-08-01,SMP,t+5,5,2.5,2.8,0.2999999999999998
2004-08-01,SMP,t+6,6,2.5,3.0,0.5
2004-08-01,SMP,t+7,7,2.6,4.0,1.4
2004-08-01,SMP,t+8,8,,3.9,
2004-08-01,SMP,t+9,9,,3.3,
2004-08-01,SMP,t+10,10,,2.4,
2004-08-01,SMP,t+11,11,,2.1,
2004-11-01,SMP,t-12,-12,3.1,3.1,
2004-11-01,SMP,t-11,-11,2.9,2.9,
2004-11-01,SMP,t-10,-10,2.8,2.8,
2004-11-01,SMP,t-9,-9,3.2,3.2,
2004-11-01,SMP,t-8,-8,3.0,3.0,
2004-11-01,SMP,t-7,-7,3.4,3.4,
2004-11-01,SMP,t-6,-6,2.7,2.7,
2004-11-01,SMP,t-5,-5,2.6,2.6,
2004-11-01,SMP,t-4,-4,2.4,2.4,
2004-11-01,SMP,t-3,-3,2.0,2.0,
2004-11-01,SMP,t-2,-2,2.5,2.5,
2004-11-01,SMP,t-1,-1,2.3,2.3,
2004-11-01,SMP,t,0,2.6,2.6,0.0
2004-11-01,SMP,t+1,1,2.5,2.4,-0.10000000000000009
2004-11-01,SMP,t+2,2,2.5,2.5,0.0
2004-11-01,SMP,t+3,3,2.7,3.0,0.2999999999999998
2004-11-01,SMP,t+4,4,2.4,2.8,0.3999999999999999
2004-11-01,SMP,t+5,5,2.5,3.0,0.5
2004-11-01,SMP,t+6,6,2.6,4.0,1.4
2004-11-01,SMP,t+7,7,,3.9,
2004-11-01,SMP,t+8,8,,3.3,
2004-11-01,SMP,t+9,9,,2.4,
2004-11-01,SMP,t+10,10,,2.1,
2004-11-01,SMP,t+11,11,,1.9,
2005-02-01,SMP,t-12,-12,2.9,2.9,
2005-02-01,SMP,t-11,-11,2.8,2.8,
2005-02-01,SMP,t-10,-10,3.2,3.2,
2005-02-01,SMP,t-9,-9,3.0,3.0,
2005-02-01,SMP,t-8,-8,3.4,3.4,
2005-02-01,SMP,t-7,-7,2.7,2.7,
2005-02-01,SMP,t-6,-6,2.6,2.6,
2005-02-01,SMP,t-5,-5,2.4,2.4,
2005-02-01,SMP,t-4,-4,2.0,2.0,
2005-02-01,SMP,t-3,-3,2.5,2.5,
2005-02-01,SMP,t-2,-2,2.3,2.3,
2005-02-01,SMP,t-1,-1,2.6,2.6,
2005-02-01,SMP,t,0,2.5,2.4,-0.10000000000000009
2005-02-01,SMP,t+1,1,2.5,2.5,0.0
2005-02-01,SMP,t+2,2,2.7,3.0,0.2999999999999998
2005-02-01,SMP,t+3,3,2.5,2.8,0.2999999999999998
2005-02-01,SMP,t+4,4,2.5,3.0,0.5
2005-02-01,SMP,t+5,5,2.6,4.0,1.4
2005-02-01,SMP,t+6,6,2.8,3.9,1.1
2005-02-01,SMP,t+7,7,2.9,3.3,0.3999999999999999
2005-02-01,SMP,t+8,8,,2.4,
2005-02-01,SMP,t+9,9,,2.1,
2005-02-01,SMP,t+10,10,,1.9,
2005-02-01,SMP,t+11,11,,3.0,
2005-05-01,SMP,t-12,-12,2.8,2.8,
2005-05-01,SMP,t-11,-11,3.2,3.2,
2005-05-01,SMP,t-10,-10,3.0,3.0,
2005-05-01,SMP,t-9,-9,3.4,3.4,
2005-05-01,SMP,t-8,-8,2.7,2.7,
2005-05-01,SMP,t-7,-7,2.6,2.6,
2005-05-01,SMP,t-6,-6,2.4,2.4,
2005-05-01,SMP,t-5,-5,2.0,2.0,
2005-05-01,SMP,t-4,-4,2.5,2.5,
2005-05-01,SMP,t-3,-3,2.3,2.3,
2005-05-01,SMP,t-2,-2,2.6,2.6,
2005-05-01,SMP,t-1,-1,2.4,2.4,
2005-05-01,SMP,t,0,2.9,2.5,-0.3999999999999999
2005-05-01,SMP,t+1,1,3.0,3.0,0.0
2005-05-01,SMP,t+2,2,2.8,2.8,0.0
2005-05-01,SMP,t+3,3,3.0,3.0,0.0
2005-05-01,SMP,t+4,4,2.6,4.0,1.4
2005-05-01,SMP,t+5,5,2.7,3.9,1.1999999999999997
2005-05-01,SMP,t+6,6,2.9,3.3,0.3999999999999999
2005-05-01,SMP,t+7,7,,2.4,
2005-05-01,SMP,t+8,8,,2.1,
2005-05-01,SMP,t+9,9,,1.9,
2005-05-01,SMP,t+10,10,,3.0,
2005-05-01,SMP,t+11,11,,4.2,
2005-08-01,SMP,t-12,-12,3.2,3.2,
2005-08-01,SMP,t-11,-11,3.0,3.0,
2005-08-01,SMP,t-10,-10,3.4,3.4,
2005-08-01,SMP,t-9,-9,2.7,2.7,
2005-08-01,SMP,t-8,-8,2.6,2.6,
2005-08-01,SMP,t-7,-7,2.4,2.4,
2005-08-01,SMP,t-6,-6,2.0,2.0,
2005-08-01,SMP,t-5,-5,2.5,2.5,
2005-08-01,SMP,t-4,-4,2.3,2.3,
2005-08-01,SMP,t-3,-3,2.6,2.6,
2005-08-01,SMP,t-2,-2,2.4,2.4,
2005-08-01,SMP,t-1,-1,2.5,2.5,
2005-08-01,SMP,t,0,3.0,3.0,0.0
2005-08-01,SMP,t+1,1,2.8,2.8,0.0
2005-08-01,SMP,t+2,2,3.0,3.0,0.0
2005-08-01,SMP,t+3,3,3.1,4.0,0.8999999999999999
2005-08-01,SMP,t+4,4,2.9,3.9,1.0
2005-08-01,SMP,t+5,5,3.0,3.3,0.2999999999999998
2005-08-01,SMP,t+6,6,3.0,2.4,-0.6000000000000001
2005-08-01,SMP,t+7,7,3.0,2.1,-0.8999999999999999
2005-08-01,SMP,t+8,8,,1.9,
2005-08-01,SMP,t+9,9,,3.0,
2005-08-01,SMP,t+10,10,,4.2,
2005-08-01,SMP,t+11,11,,4.5,
2005-11-01,SMP,t-12,-12,3.0,3.0,
2005-11-01,SMP,t-11,-11,3.4,3.4,
2005-11-01,SMP,t-10,-10,2.7,2.7,
2005-11-01,SMP,t-9,-9,2.6,2.6,
2005-11-01,SMP,t-8,-8,2.4,2.4,
2005-11-01,SMP,t-7,-7,2.0,2.0,
2005-11-01,SMP,t-6,-6,2.5,2.5,
2005-11-01,SMP,t-5,-5,2.3,2.3,
2005-11-01,SMP,t-4,-4,2.6,2.6,
2005-11-01,SMP,t-3,-3,2.4,2.4,
2005-11-01,SMP,t-2,-2,2.5,2.5,
2005-11-01,SMP,t-1,-1,3.0,3.0,
2005-11-01,SMP,t,0,2.9,2.8,-0.10000000000000009
2005-11-01,SMP,t+1,1,3.0,3.0,0.0
2005-11-01,SMP,t+2,2,3.2,4.0,0.7999999999999998
2005-11-01,SMP,t+3,3,2.9,3.9,1.0
2005-11-01,SMP,t+4,4,2.9,3.3,0.3999999999999999
2005-11-01,SMP,t+5,5,3.0,2.4,-0.6000000000000001
2005-11-01,SMP,t+6,6,3.0,2.1,-0.8999999999999999
2005-11-01,SMP,t+7,7,,1.9,
2005-11-01,SMP,t+8,8,,3.0,
2005-11-01,SMP,t+9,9,,4.2,
2005-11-01,SMP,t+10,10,,4.5,
2005-11-01,SMP,t+11,11,,5.0,
2006-02-01,SMP,t-12,-12,3.4,3.4,
2006-02-01,SMP,t-11,-11,2.7,2.7,
2006-02-01,SMP,t-10,-10,2.6,2.6,
2006-02-01,SMP,t-9,-9,2.4,2.4,
2006-02-01,SMP,t-8,-8,2.0,2.0,
2006-02-01,SMP,t-7,-7,2.5,2.5,
2006-02-01,SMP,t-6,-6,2.3,2.3,
2006-02-01,SMP,t-5,-5,2.6,2.6,
2006-02-01,SMP,t-4,-4,2.4,2.4,
2006-02-01,SMP,t-3,-3,2.5,2.5,
2006-02-01,SMP,t-2,-2,3.0,3.0,
2006-02-01,SMP,t-1,-1,2.8,2.8,
2006-02-01,SMP,t,0,3.0,3.0,0.0
2006-02-01,SMP,t+1,1,3.1,4.0,0.8999999999999999
2006-02-01,SMP,t+2,2,2.8,3.9,1.1
2006-02-01,SMP,t+3,3,2.9,3.3,0.3999999999999999
2006-02-01,SMP,t+4,4,2.7,2.4,-0.30000000000000027
2006-02-01,SMP,t+5,5,2.7,2.1,-0.6000000000000001
2006-02-01,SMP,t+6,6,2.7,1.9,-0.8000000000000003
2006-02-01,SMP,t+7,7,2.9,3.0,0.10000000000000009
2006-02-01,SMP,t+8,8,,4.2,
2006-02-01,SMP,t+9,9,,4.5,
2006-02-01,SMP,t+10,10,,5.0,
2006-02-01,SMP,t+11,11,,3.7,
2006-05-01,SMP,t-12,-12,2.7,2.7,
2006-05-01,SMP,t-11,-11,2.6,2.6,
2006-05-01,SMP,t-10,-10,2.4,2.4,
2006-05-01,SMP,t-9,-9,2.0,2.0,
2006-05-01,SMP,t-8,-8,2.5,2.5,
2006-05-01,SMP,t-7,-7,2.3,2.3,
2006-05-01,SMP,t-6,-6,2.6,2.6,
2006-05-01,SMP,t-5,-5,2.4,2.4,
2006-05-01,SMP,t-4,-4,2.5,2.5,
2006-05-01,SMP,t-3,-3,3.0,3.0,
2006-05-01,SMP,t-2,-2,2.8,2.8,
2006-05-01,SMP,t-1,-1,3.0,3.0,
2006-05-01,SMP,t,0,3.4,4.0,0.6000000000000001
2006-05-01,SMP,t+1,1,3.1,3.9,0.7999999999999998
2006-05-01,SMP,t+2,2,3.2,3.3,0.09999999999999964
2006-05-01,SMP,t+3,3,3.0,2.4,-0.6000000000000001
2006-05-01,SMP,t+4,4,2.6,2.1,-0.5
2006-05-01,SMP,t+5,5,2.7,1.9,-0.8000000000000003
2006-05-01,SMP,t+6,6,2.8,3.0,0.20000000000000018
2006-05-01,SMP,t+7,7,,4.2,
2006-05-01,SMP,t+8,8,,4.5,
2006-05-01,SMP,t+9,9,,5.0,
2006-05-01,SMP,t+10,10,,3.7,
2006-05-01,SMP,t+11,11,,2.5,
2006-08-01,SMP,t-12,-12,2.6,2.6,
2006-08-01,SMP,t-11,-11,2.4,2.4,
2006-08-01,SMP,t-10,-10,2.0,2.0,
2006-08-01,SMP,t-9,-9,2.5,2.5,
2006-08-01,SMP,t-8,-8,2.3,2.3,
2006-08-01,SMP,t-7,-7,2.6,2.6,
2006-08-01,SMP,t-6,-6,2.4,2.4,
2006-08-01,SMP,t-5,-5,2.5,2.5,
2006-08-01,SMP,t-4,-4,3.0,3.0,
2006-08-01,SMP,t-3,-3,2.8,2.8,
2006-08-01,SMP,t-2,-2,3.0,3.0,
2006-08-01,SMP,t-1,-1,4.0,4.0,
2006-08-01,SMP,t,0,3.9,3.9,0.0
2006-08-01,SMP,t+1,1,3.9,3.3,-0.6000000000000001
2006-08-01,SMP,t+2,2,3.7,2.4,-1.3000000000000003
2006-08-01,SMP,t+3,3,2.5,2.1,-0.3999999999999999
2006-08-01,SMP,t+4,4,2.4,1.9,-0.5
2006-08-01,SMP,t+5,5,2.6,3.0,0.3999999999999999
2006-08-01,SMP,t+6,6,2.7,4.2,1.5
2006-08-01,SMP,t+7,7,3.0,4.5,1.5
2006-08-01,SMP,t+8,8,,5.0,
2006-08-01,SMP,t+9,9,,3.7,
2006-08-01,SMP,t+10,10,,2.5,
2006-08-01,SMP,t+11,11,,1.5,
2006-11-01,SMP,t-12,-12,2.4,2.4,
2006-11-01,SMP,t-11,-11,2.0,2.0,
2006-11-01,SMP,t-10,-10,2.5,2.5,
2006-11-01,SMP,t-9,-9,2.3,2.3,
2006-11-01,SMP,t-8,-8,2.6,2.6,
2006-11-01,SMP,t-7,-7,2.4,2.4,
2006-11-01,SMP,t-6,-6,2.5,2.5,
2006-11-01,SMP,t-5,-5,3.0,3.0,
2006-11-01,SMP,t-4,-4,2.8,2.8,
2006-11-01,SMP,t-3,-3,3.0,3.0,
2006-11-01,SMP,t-2,-2,4.0,4.0,
2006-11-01,SMP,t-1,-1,3.9,3.9,
2006-11-01,SMP,t,0,3.3,3.3,0.0
2006-11-01,SMP,t+1,1,3.0,2.4,-0.6000000000000001
2006-11-01,SMP,t+2,2,1.7,2.1,0.40000000000000013
2006-11-01,SMP,t+3,3,1.6,1.9,0.2999999999999998
2006-11-01,SMP,t+4,4,2.4,3.0,0.6000000000000001
2006-11-01,SMP,t+5,5,2.5,4.2,1.7000000000000002
2006-11-01,SMP,t+6,6,3.0,4.5,1.5
2006-11-01,SMP,t+7,7,,5.0,
2006-11-01,SMP,t+8,8,,3.7,
2006-11-01,SMP,t+9,9,,2.5,
2006-11-01,SMP,t+10,10,,1.5,
2006-11-01,SMP,t+11,11,,1.3,
2007-02-01,SMP,t-12,-12,2.0,2.0,
2007-02-01,SMP,t-11,-11,2.5,2.5,
2007-02-01,SMP,t-10,-10,2.3,2.3,
2007-02-01,SMP,t-9,-9,2.6,2.6,
2007-02-01,SMP,t-8,-8,2.4,2.4,
2007-02-01,SMP,t-7,-7,2.5,2.5,
2007-02-01,SMP,t-6,-6,3.0,3.0,
2007-02-01,SMP,t-5,-5,2.8,2.8,
2007-02-01,SMP,t-4,-4,3.0,3.0,
2007-02-01,SMP,t-3,-3,4.0,4.0,
2007-02-01,SMP,t-2,-2,3.9,3.9,
2007-02-01,SMP,t-1,-1,3.3,3.3,
2007-02-01,SMP,t,0,2.6,2.4,-0.20000000000000018
2007-02-01,SMP,t+1,1,1.8,2.1,0.30000000000000004
2007-02-01,SMP,t+2,2,1.5,1.9,0.3999999999999999
2007-02-01,SMP,t+3,3,2.3,3.0,0.7000000000000002
2007-02-01,SMP,t+4,4,2.8,4.2,1.4000000000000004
2007-02-01,SMP,t+5,5,2.6,4.5,1.9
2007-02-01,SMP,t+6,6,2.7,5.0,2.3
2007-02-01,SMP,t+7,7,2.8,3.7,0.9000000000000004
2007-02-01,SMP,t+8,8,,2.5,
2007-02-01,SMP,t+9,9,,1.5,
2007-02-01,SMP,t+10,10,,1.3,
2007-02-01,SMP,t+11,11,,2.1,
2007-05-01,SMP,t-12,-12,2.5,2.5,
2007-05-01,SMP,t-11,-11,2.3,2.3,
2007-05-01,SMP,t-10,-10,2.6,2.6,
2007-05-01,SMP,t-9,-9,2.4,2.4,
2007-05-01,SMP,t-8,-8,2.5,2.5,
2007-05-01,SMP,t-7,-7,3.0,3.0,
2007-05-01,SMP,t-6,-6,2.8,2.8,
2007-05-01,SMP,t-5,-5,3.0,3.0,
2007-05-01,SMP,t-4,-4,4.0,4.0,
2007-05-01,SMP,t-3,-3,3.9,3.9,
2007-05-01,SMP,t-2,-2,3.3,3.3,
2007-05-01,SMP,t-1,-1,2.4,2.4,
2007-05-01,SMP,t,0,1.8,2.1,0.30000000000000004
2007-05-01,SMP,t+1,1,1.5,1.9,0.3999999999999999
2007-05-01,SMP,t+2,2,2.2,3.0,0.7999999999999998
2007-05-01,SMP,t+3,3,2.8,4.2,1.4000000000000004
2007-05-01,SMP,t+4,4,2.6,4.5,1.9
2007-05-01,SMP,t+5,5,2.8,5.0,2.2
2007-05-01,SMP,t+6,6,2.8,3.7,0.9000000000000004
2007-05-01,SMP,t+7,7,,2.5,
2007-05-01,SMP,t+8,8,,1.5,
2007-05-01,SMP,t+9,9,,1.3,
2007-05-01,SMP,t+10,10,,2.1,
2007-05-01,SMP,t+11,11,,2.9,
2007-08-01,SMP,t-12,-12,2.3,2.3,
2007-08-01,SMP,t-11,-11,2.6,2.6,
2007-08-01,SMP,t-10,-10,2.4,2.4,
2007-08-01,SMP,t-9,-9,2.5,2.5,
2007-08-01,SMP,t-8,-8,3.0,3.0,
2007-08-01,SMP,t-7,-7,2.8,2.8,
2007-08-01,SMP,t-6,-6,3.0,3.0,
2007-08-01,SMP,t-5,-5,4.0,4.0,
2007-08-01,SMP,t-4,-4,3.9,3.9,
2007-08-01,SMP,t-3,-3,3.3,3.3,
2007-08-01,SMP,t-2,-2,2.4,2.4,
2007-08-01,SMP,t-1,-1,2.1,2.1,
2007-08-01,SMP,t,0,2.0,1.9,-0.10000000000000009
2007-08-01,SMP,t+1,1,2.5,3.0,0.5
2007-08-01,SMP,t+2,2,3.4,4.2,0.8000000000000003
2007-08-01,SMP,t+3,3,2.8,4.5,1.7000000000000002
2007-08-01,SMP,t+4,4,2.6,5.0,2.4
2007-08-01,SMP,t+5,5,2.9,3.7,0.8000000000000003
2007-08-01,SMP,t+6,6,2.9,2.5,-0.3999999999999999
2007-08-01,SMP,t+7,7,2.9,1.5,-1.4
2007-08-01,SMP,t+8,8,,1.3,
2007-08-01,SMP,t+9,9,,2.1,
2007-08-01,SMP,t+10,10,,2.9,
2007-08-01,SMP,t+11,11,,3.1,
2007-11-01,SMP,t-12,-12,2.6,2.6,
2007-11-01,SMP,t-11,-11,2.4,2.4,
2007-11-01,SMP,t-10,-10,2.5,2.5,
2007-11-01,SMP,t-9,-9,3.0,3.0,
2007-11-01,SMP,t-8,-8,2.8,2.8,
2007-11-01,SMP,t-7,-7,3.0,3.0,
2007-11-01,SMP,t-6,-6,4.0,4.0,
2007-11-01,SMP,t-5,-5,3.9,3.9,
2007-11-01,SMP,t-4,-4,3.3,3.3,
2007-11-01,SMP,t-3,-3,2.4,2.4,
2007-11-01,SMP,t-2,-2,2.1,2.1,
2007-11-01,SMP,t-1,-1,1.9,1.9,
2007-11-01,SMP,t,0,2.8,3.0,0.20000000000000018
2007-11-01,SMP,t+1,1,3.7,4.2,0.5
2007-11-01,SMP,t+2,2,3.2,4.5,1.2999999999999998
2007-11-01,SMP,t+3,3,3.1,5.0,1.9
2007-11-01,SMP,t+4,4,3.0,3.7,0.7000000000000002
2007-11-01,SMP,t+5,5,3.0,2.5,-0.5
2007-11-01,SMP,t+6,6,2.9,1.5,-1.4
2007-11-01,SMP,t+7,7,2.9,1.3,-1.5999999999999999
2007-11-01,SMP,t+8,8,2.9,2.1,-0.7999999999999998
2007-11-01,SMP,t+9,9,,2.9,
2007-11-01,SMP,t+10,10,,3.1,
2007-11-01,SMP,t+11,11,,2.8,
2008-02-01,SMP,t-12,-12,2.4,2.4,
2008-02-01,SMP,t-11,-11,2.5,2.5,
2008-02-01,SMP,t-10,-10,3.0,3.0,
2008-02-01,SMP,t-9,-9,2.8,2.8,
2008-02-01,SMP,t-8,-8,3.0,3.0,
2008-02-01,SMP,t-7,-7,4.0,4.0,
2008-02-01,SMP,t-6,-6,3.9,3.9,
2008-02-01,SMP,t-5,-5,3.3,3.3,
2008-02-01,SMP,t-4,-4,2.4,2.4,
2008-02-01,SMP,t-3,-3,2.1,2.1,
2008-02-01,SMP,t-2,-2,1.9,1.9,
2008-02-01,SMP,t-1,-1,3.0,3.0,
2008-02-01,SMP,t,0,4.1,4.2,0.10000000000000053
2008-02-01,SMP,t+1,1,3.5,4.5,1.0
2008-02-01,SMP,t+2,2,3.7,5.0,1.2999999999999998
2008-02-01,SMP,t+3,3,3.4,3.7,0.30000000000000027
2008-02-01,SMP,t+4,4,3.4,2.5,-0.8999999999999999
2008-02-01,SMP,t+5,5,3.3,1.5,-1.7999999999999998
2008-02-01,SMP,t+6,6,3.2,1.3,-1.9000000000000001
2008-02-01,SMP,t+7,7,3.1,2.1,-1.0
2008-02-01,SMP,t+8,8,3.1,2.9,-0.20000000000000018
2008-02-01,SMP,t+9,9,3.0,3.1,0.10000000000000009
2008-02-01,SMP,t+10,10,,2.8,
2008-02-01,SMP,t+11,11,,2.7,
2008-05-01,SMP,t-12,-12,2.5,2.5,
2008-05-01,SMP,t-11,-11,3.0,3.0,
2008-05-01,SMP,t-10,-10,2.8,2.8,
2008-05-01,SMP,t-9,-9,3.0,3.0,
2008-05-01,SMP,t-8,-8,4.0,4.0,
2008-05-01,SMP,t-7,-7,3.9,3.9,
2008-05-01,SMP,t-6,-6,3.3,3.3,
2008-05-01,SMP,t-5,-5,2.4,2.4,
2008-05-01,SMP,t-4,-4,2.1,2.1,
2008-05-01,SMP,t-3,-3,1.9,1.9,
2008-05-01,SMP,t-2,-2,3.0,3.0,
2008-05-01,SMP,t-1,-1,4.2,4.2,
2008-05-01,SMP,t,0,4.3,4.5,0.20000000000000018
2008-05-01,SMP,t+1,1,4.5,5.0,0.5
2008-05-01,SMP,t+2,2,4.4,3.7,-0.7000000000000002
2008-05-01,SMP,t+3,3,4.0,2.5,-1.5
2008-05-01,SMP,t+4,4,3.5,1.5,-2.0
2008-05-01,SMP,t+5,5,3.3,1.3,-1.9999999999999998
2008-05-01,SMP,t+6,6,3.2,2.1,-1.1
2008-05-01,SMP,t+7,7,3.1,2.9,-0.20000000000000018
2008-05-01,SMP,t+8,8,2.9,3.1,0.20000000000000018
2008-05-01,SMP,t+9,9,2.8,2.8,0.0
2008-05-01,SMP,t+10,10,2.7,2.7,0.0
2008-05-01,SMP,t+11,11,,3.3,
2008-08-01,SMP,t-12,-12,3.0,3.0,
2008-08-01,SMP,t-11,-11,2.8,2.8,
2008-08-01,SMP,t-10,-10,3.0,3.0,
2008-08-01,SMP,t-9,-9,4.0,4.0,
2008-08-01,SMP,t-8,-8,3.9,3.9,
2008-08-01,SMP,t-7,-7,3.3,3.3,
2008-08-01,SMP,t-6,-6,2.4,2.4,
2008-08-01,SMP,t-5,-5,2.1,2.1,
2008-08-01,SMP,t-4,-4,1.9,1.9,
2008-08-01,SMP,t-3,-3,3.0,3.0,
2008-08-01,SMP,t-2,-2,4.2,4.2,
2008-08-01,SMP,t-1,-1,4.5,4.5,
2008-08-01,SMP,t,0,5.0,5.0,0.0
2008-08-01,SMP,t+1,1,4.9,3.7,-1.2000000000000002
2008-08-01,SMP,t+2,2,4.5,2.5,-2.0
2008-08-01,SMP,t+3,3,3.9,1.5,-2.4
2008-08-01,SMP,t+4,4,3.5,1.3,-2.2
2008-08-01,SMP,t+5,5,3.4,2.1,-1.2999999999999998
2008-08-01,SMP,t+6,6,3.2,2.9,-0.30000000000000027
2008-08-01,SMP,t+7,7,3.0,3.1,0.10000000000000009
2008-08-01,SMP,t+8,8,2.9,2.8,-0.10000000000000009
2008-08-01,SMP,t+9,9,2.8,2.7,-0.09999999999999964
2008-08-01,SMP,t+10,10,,3.3,
2008-08-01,SMP,t+11,11,,3.6,
2008-11-01,SMP,t-12,-12,2.8,2.8,
2008-11-01,SMP,t-11,-11,3.0,3.0,
2008-11-01,SMP,t-10,-10,4.0,4.0,
2008-11-01,SMP,t-9,-9,3.9,3.9,
2008-11-01,SMP,t-8,-8,3.3,3.3,
2008-11-01,SMP,t-7,-7,2.4,2.4,
2008-11-01,SMP,t-6,-6,2.1,2.1,
2008-11-01,SMP,t-5,-5,1.9,1.9,
2008-11-01,SMP,t-4,-4,3.0,3.0,
2008-11-01,SMP,t-3,-3,4.2,4.2,
2008-11-01,SMP,t-2,-2,4.5,4.5,
2008-11-01,SMP,t-1,-1,5.0,5.0,
2008-11-01,SMP,t,0,4.1,3.7,-0.39999999999999947
2008-11-01,SMP,t+1,1,3.5,2.5,-1.0
2008-11-01,SMP,t+2,2,2.9,1.5,-1.4
2008-11-01,SMP,t+3,3,2.7,1.3,-1.4000000000000001
2008-11-01,SMP,t+4,4,3.4,2.1,-1.2999999999999998
2008-11-01,SMP,t+5,5,3.5,2.9,-0.6000000000000001
2008-11-01,SMP,t+6,6,3.3,3.1,-0.19999999999999973
2008-11-01,SMP,t+7,7,3.2,2.8,-0.40000000000000036
2008-11-01,SMP,t+8,8,3.0,2.7,-0.2999999999999998
2008-11-01,SMP,t+9,9,2.8,3.3,0.5
2008-11-01,SMP,t+10,10,2.6,3.6,1.0
2008-11-01,SMP,t+11,11,,3.5,
2009-02-01,SMP,t-12,-12,3.0,3.0,
2009-02-01,SMP,t-11,-11,4.0,4.0,
2009-02-01,SMP,t-10,-10,3.9,3.9,
2009-02-01,SMP,t-9,-9,3.3,3.3,
2009-02-01,SMP,t-8,-8,2.4,2.4,
2009-02-01,SMP,t-7,-7,2.1,2.1,
2009-02-01,SMP,t-6,-6,1.9,1.9,
2009-02-01,SMP,t-5,-5,3.0,3.0,
2009-02-01,SMP,t-4,-4,4.2,4.2,
2009-02-01,SMP,t-3,-3,4.5,4.5,
2009-02-01,SMP,t-2,-2,5.0,5.0,
2009-02-01,SMP,t-1,-1,3.7,3.7,
2009-02-01,SMP,t,0,2.4,2.5,0.10000000000000009
2009-02-01,SMP,t+1,1,1.8,1.5,-0.30000000000000004
2009-02-01,SMP,t+2,2,1.3,1.3,0.0
2009-02-01,SMP,t+3,3,2.4,2.1,-0.2999999999999998
2009-02-01,SMP,t+4,4,3.0,2.9,-0.10000000000000009
2009-02-01,SMP,t+5,5,2.8,3.1,0.30000000000000027
2009-02-01,SMP,t+6,6,2.7,2.8,0.09999999999999964
2009-02-01,SMP,t+7,7,2.5,2.7,0.20000000000000018
2009-02-01,SMP,t+8,8,2.2,3.3,1.0999999999999996
2009-02-01,SMP,t+9,9,2.1,3.6,1.5
2009-02-01,SMP,t+10,10,,3.5,
2009-02-01,SMP,t+11,11,,3.1,
2009-05-01,SMP,t-12,-12,4.0,4.0,
2009-05-01,SMP,t-11,-11,3.9,3.9,
2009-05-01,SMP,t-10,-10,3.3,3.3,
2009-05-01,SMP,t-9,-9,2.4,2.4,
2009-05-01,SMP,t-8,-8,2.1,2.1,
2009-05-01,SMP,t-7,-7,1.9,1.9,
2009-05-01,SMP,t-6,-6,3.0,3.0,
2009-05-01,SMP,t-5,-5,4.2,4.2,
2009-05-01,SMP,t-4,-4,4.5,4.5,
2009-05-01,SMP,t-3,-3,5.0,5.0,
2009-05-01,SMP,t-2,-2,3.7,3.7,
2009-05-01,SMP,t-1,-1,2.5,2.5,
2009-05-01,SMP,t,0,1.6,1.5,-0.10000000000000009
2009-05-01,SMP,t+1,1,1.3,1.3,0.0
2009-05-01,SMP,t+2,2,2.3,2.1,-0.19999999999999973
2009-05-01,SMP,t+3,3,2.7,2.9,0.19999999999999973
2009-05-01,SMP,t+4,4,2.6,3.1,0.5
2009-05-01,SMP,t+5,5,2.2,2.8,0.5999999999999996
2009-05-01,SMP,t+6,6,2.0,2.7,0.7000000000000002
2009-05-01,SMP,t+7,7,1.8,3.3,1.4999999999999998
2009-05-01,SMP,t+8,8,1.6,3.6,2.0
2009-05-01,SMP,t+9,9,1.5,3.5,2.0
2009-05-01,SMP,t+10,10,1.5,3.1,1.6
2009-05-01,SMP,t+11,11,,1.6,
2009-08-01,SMP,t-12,-12,3.9,3.9,
2009-08-01,SMP,t-11,-11,3.3,3.3,
2009-08-01,SMP,t-10,-10,2.4,2.4,
2009-08-01,SMP,t-9,-9,2.1,2.1,
2009-08-01,SMP,t-8,-8,1.9,1.9,
2009-08-01,SMP,t-7,-7,3.0,3.0,
2009-08-01,SMP,t-6,-6,4.2,4.2,
2009-08-01,SMP,t-5,-5,4.5,4.5,
2009-08-01,SMP,t-4,-4,5.0,5.0,
2009-08-01,SMP,t-3,-3,3.7,3.7,
2009-08-01,SMP,t-2,-2,2.5,2.5,
2009-08-01,SMP,t-1,-1,1.5,1.5,
2009-08-01,SMP,t,0,1.4,1.3,-0.09999999999999987
2009-08-01,SMP,t+1,1,2.2,2.1,-0.10000000000000009
2009-08-01,SMP,t+2,2,2.7,2.9,0.19999999999999973
2009-08-01,SMP,t+3,3,2.7,3.1,0.3999999999999999
2009-08-01,SMP,t+4,4,2.1,2.8,0.6999999999999997
2009-08-01,SMP,t+5,5,2.1,2.7,0.6000000000000001
2009-08-01,SMP,t+6,6,2.0,3.3,1.2999999999999998
2009-08-01,SMP,t+7,7,1.9,3.6,1.7000000000000002
2009-08-01,SMP,t+8,8,1.9,3.5,1.6
2009-08-01,SMP,t+9,9,2.0,3.1,1.1
2009-08-01,SMP,t+10,10,,1.6,
2009-08-01,SMP,t+11,11,,1.2,
2009-11-01,SMP,t-12,-12,3.3,3.3,
2009-11-01,SMP,t-11,-11,2.4,2.4,
2009-11-01,SMP,t-10,-10,2.1,2.1,
2009-11-01,SMP,t-9,-9,1.9,1.9,
2009-11-01,SMP,t-8,-8,3.0,3.0,
2009-11-01,SMP,t-7,-7,4.2,4.2,
2009-11-01,SMP,t-6,-6,4.5,4.5,
2009-11-01,SMP,t-5,-5,5.0,5.0,
2009-11-01,SMP,t-4,-4,3.7,3.7,
2009-11-01,SMP,t-3,-3,2.5,2.5,
2009-11-01,SMP,t-2,-2,1.5,1.5,
2009-11-01,SMP,t-1,-1,1.3,1.3,
2009-11-01,SMP,t,0,1.9,2.1,0.20000000000000018
2009-11-01,SMP,t+1,1,2.5,2.9,0.3999999999999999
2009-11-01,SMP,t+2,2,2.6,3.1,0.5
2009-11-01,SMP,t+3,3,2.2,2.8,0.5999999999999996
2009-11-01,SMP,t+4,4,2.4,2.7,0.30000000000000027
2009-11-01,SMP,t+5,5,2.3,3.3,1.0
2009-11-01,SMP,t+6,6,2.3,3.6,1.3000000000000003
2009-11-01,SMP,t+7,7,2.4,3.5,1.1
2009-11-01,SMP,t+8,8,2.4,3.1,0.7000000000000002
2009-11-01,SMP,t+9,9,2.5,1.6,-0.8999999999999999
2009-11-01,SMP,t+10,10,2.5,1.2,-1.3
2009-11-01,SMP,t+11,11,,2.0,
2010-02-01,SMP,t-12,-12,2.4,2.4,
2010-02-01,SMP,t-11,-11,2.1,2.1,
2010-02-01,SMP,t-10,-10,1.9,1.9,
2010-02-01,SMP,t-9,-9,3.0,3.0,
2010-02-01,SMP,t-8,-8,4.2,4.2,
2010-02-01,SMP,t-7,-7,4.5,4.5,
2010-02-01,SMP,t-6,-6,5.0,5.0,
2010-02-01,SMP,t-5,-5,3.7,3.7,
2010-02-01,SMP,t-4,-4,2.5,2.5,
2010-02-01,SMP,t-3,-3,1.5,1.5,
2010-02-01,SMP,t-2,-2,1.3,1.3,
2010-02-01,SMP,t-1,-1,2.1,2.1,
2010-02-01,SMP,t,0,2.9,2.9,0.0
2010-02-01,SMP,t+1,1,2.9,3.1,0.20000000000000018
2010-02-01,SMP,t+2,2,2.5,2.8,0.2999999999999998
2010-02-01,SMP,t+3,3,2.6,2.7,0.10000000000000009
2010-02-01,SMP,t+4,4,2.4,3.3,0.8999999999999999
2010-02-01,SMP,t+5,5,2.5,3.6,1.1
2010-02-01,SMP,t+6,6,2.6,3.5,0.8999999999999999
2010-02-01,SMP,t+7,7,2.7,3.1,0.3999999999999999
2010-02-01,SMP,t+8,8,2.7,1.6,-1.1
2010-02-01,SMP,t+9,9,2.8,1.2,-1.5999999999999999
2010-02-01,SMP,t+10,10,,2.0,
2010-02-01,SMP,t+11,11,,2.2,
2010-05-01,SMP,t-12,-12,2.1,2.1,
2010-05-01,SMP,t-11,-11,1.9,1.9,
2010-05-01,SMP,t-10,-10,3.0,3.0,
2010-05-01,SMP,t-9,-9,4.2,4.2,
2010-05-01,SMP,t-8,-8,4.5,4.5,
2010-05-01,SMP,t-7,-7,5.0,5.0,
2010-05-01,SMP,t-6,-6,3.7,3.7,
2010-05-01,SMP,t-5,-5,2.5,2.5,
2010-05-01,SMP,t-4,-4,1.5,1.5,
2010-05-01,SMP,t-3,-3,1.3,1.3,
2010-05-01,SMP,t-2,-2,2.1,2.1,
2010-05-01,SMP,t-1,-1,2.9,2.9,
2010-05-01,SMP,t,0,3.2,3.1,-0.10000000000000009
2010-05-01,SMP,t+1,1,3.2,2.8,-0.40000000000000036
2010-05-01,SMP,t+2,2,3.3,2.7,-0.5999999999999996
2010-05-01,SMP,t+3,3,3.1,3.3,0.19999999999999973
2010-05-01,SMP,t+4,4,2.9,3.6,0.7000000000000002
2010-05-01,SMP,t+5,5,2.7,3.5,0.7999999999999998
2010-05-01,SMP,t+6,6,2.8,3.1,0.30000000000000027
2010-05-01,SMP,t+7,7,2.9,1.6,-1.2999999999999998
2010-05-01,SMP,t+8,8,2.9,1.2,-1.7
2010-05-01,SMP,t+9,9,3.0,2.0,-1.0
2010-05-01,SMP,t+10,10,3.0,2.2,-0.7999999999999998
2010-05-01,SMP,t+11,11,,2.5,
2010-08-01,SMP,t-12,-12,1.9,1.9,
2010-08-01,SMP,t-11,-11,3.0,3.0,
2010-08-01,SMP,t-10,-10,4.2,4.2,
2010-08-01,SMP,t-9,-9,4.5,4.5,
2010-08-01,SMP,t-8,-8,5.0,5.0,
2010-08-01,SMP,t-7,-7,3.7,3.7,
2010-08-01,SMP,t-6,-6,2.5,2.5,
2010-08-01,SMP,t-5,-5,1.5,1.5,
2010-08-01,SMP,t-4,-4,1.3,1.3,
2010-08-01,SMP,t-3,-3,2.1,2.1,
2010-08-01,SMP,t-2,-2,2.9,2.9,
2010-08-01,SMP,t-1,-1,3.1,3.1,
2010-08-01,SMP,t,0,3.2,2.8,-0.40000000000000036
2010-08-01,SMP,t+1,1,3.3,2.7,-0.5999999999999996
2010-08-01,SMP,t+2,2,3.1,3.3,0.19999999999999973
2010-08-01,SMP,t+3,3,3.2,3.6,0.3999999999999999
2010-08-01,SMP,t+4,4,2.8,3.5,0.7000000000000002
2010-08-01,SMP,t+5,5,2.9,3.1,0.20000000000000018
2010-08-01,SMP,t+6,6,2.9,1.6,-1.2999999999999998
2010-08-01,SMP,t+7,7,3.0,1.2,-1.8
2010-08-01,SMP,t+8,8,3.0,2.0,-1.0
2010-08-01,SMP,t+9,9,3.1,2.2,-0.8999999999999999
2010-08-01,SMP,t+10,10,,2.5,
2010-08-01,SMP,t+11,11,,2.4,
2010-11-01,SMP,t-12,-12,3.0,3.0,
2010-11-01,SMP,t-11,-11,4.2,4.2,
2010-11-01,SMP,t-10,-10,4.5,4.5,
2010-11-01,SMP,t-9,-9,5.0,5.0,
2010-11-01,SMP,t-8,-8,3.7,3.7,
2010-11-01,SMP,t-7,-7,2.5,2.5,
2010-11-01,SMP,t-6,-6,1.5,1.5,
2010-11-01,SMP,t-5,-5,1.3,1.3,
2010-11-01,SMP,t-4,-4,2.1,2.1,
2010-11-01,SMP,t-3,-3,2.9,2.9,
2010-11-01,SMP,t-2,-2,3.1,3.1,
2010-11-01,SMP,t-1,-1,2.8,2.8,
2010-11-01,SMP,t,0,2.8,2.7,-0.09999999999999964
2010-11-01,SMP,t+1,1,2.7,3.3,0.5999999999999996
2010-11-01,SMP,t+2,2,2.7,3.6,0.8999999999999999
2010-11-01,SMP,t+3,3,2.7,3.5,0.7999999999999998
2010-11-01,SMP,t+4,4,2.8,3.1,0.30000000000000027
2010-11-01,SMP,t+5,5,2.8,1.6,-1.1999999999999997
2010-11-01,SMP,t+6,6,2.9,1.2,-1.7
2010-11-01,SMP,t+7,7,2.9,2.0,-0.8999999999999999
2010-11-01,SMP,t+8,8,3.0,2.2,-0.7999999999999998
2010-11-01,SMP,t+9,9,3.0,2.5,-0.5
2010-11-01,SMP,t+10,10,3.1,2.4,-0.7000000000000002
2010-11-01,SMP,t+11,11,,2.2,
2011-02-01,SMP,t-12,-12,4.2,4.2,
2011-02-01,SMP,t-11,-11,4.5,4.5,
2011-02-01,SMP,t-10,-10,5.0,5.0,
2011-02-01,SMP,t-9,-9,3.7,3.7,
2011-02-01,SMP,t-8,-8,2.5,2.5,
2011-02-01,SMP,t-7,-7,1.5,1.5,
2011-02-01,SMP,t-6,-6,1.3,1.3,
2011-02-01,SMP,t-5,-5,2.1,2.1,
2011-02-01,SMP,t-4,-4,2.9,2.9,
2011-02-01,SMP,t-3,-3,3.1,3.1,
2011-02-01,SMP,t-2,-2,2.8,2.8,
2011-02-01,SMP,t-1,-1,2.7,2.7,
2011-02-01,SMP,t,0,2.7,3.3,0.5999999999999996
2011-02-01,SMP,t+1,1,2.6,3.6,1.0
2011-02-01,SMP,t+2,2,2.6,3.5,0.8999999999999999
2011-02-01,SMP,t+3,3,2.9,3.1,0.20000000000000018
2011-02-01,SMP,t+4,4,2.7,1.6,-1.1
2011-02-01,SMP,t+5,5,2.9,1.2,-1.7
2011-02-01,SMP,t+6,6,2.9,2.0,-0.8999999999999999
2011-02-01,SMP,t+7,7,3.0,2.2,-0.7999999999999998
2011-02-01,SMP,t+8,8,3.0,2.5,-0.5
2011-02-01,SMP,t+9,9,3.1,2.4,-0.7000000000000002
2011-02-01,SMP,t+10,10,,2.2,
2011-02-01,SMP,t+11,11,,2.7,
2011-05-01,SMP,t-12,-12,4.5,4.5,
2011-05-01,SMP,t-11,-11,5.0,5.0,
2011-05-01,SMP,t-10,-10,3.7,3.7,
2011-05-01,SMP,t-9,-9,2.5,2.5,
2011-05-01,SMP,t-8,-8,1.5,1.5,
2011-05-01,SMP,t-7,-7,1.3,1.3,
2011-05-01,SMP,t-6,-6,2.1,2.1,
2011-05-01,SMP,t-5,-5,2.9,2.9,
2011-05-01,SMP,t-4,-4,3.1,3.1,
2011-05-01,SMP,t-3,-3,2.8,2.8,
2011-05-01,SMP,t-2,-2,2.7,2.7,
2011-05-01,SMP,t-1,-1,3.3,3.3,
2011-05-01,SMP,t,0,3.4,3.6,0.20000000000000018
2011-05-01,SMP,t+1,1,3.3,3.5,0.20000000000000018
2011-05-01,SMP,t+2,2,3.3,3.1,-0.19999999999999973
2011-05-01,SMP,t+3,3,2.5,1.6,-0.8999999999999999
2011-05-01,SMP,t+4,4,2.5,1.2,-1.3
2011-05-01,SMP,t+5,5,2.7,2.0,-0.7000000000000002
2011-05-01,SMP,t+6,6,3.1,2.2,-0.8999999999999999
2011-05-01,SMP,t+7,7,3.1,2.5,-0.6000000000000001
2011-05-01,SMP,t+8,8,3.1,2.4,-0.7000000000000002
2011-05-01,SMP,t+9,9,3.1,2.2,-0.8999999999999999
2011-05-01,SMP,t+10,10,3.2,2.7,-0.5
2011-05-01,SMP,t+11,11,,2.9,
2011-08-01,SMP,t-12,-12,5.0,5.0,
2011-08-01,SMP,t-11,-11,3.7,3.7,
2011-08-01,SMP,t-10,-10,2.5,2.5,
2011-08-01,SMP,t-9,-9,1.5,1.5,
2011-08-01,SMP,t-8,-8,1.3,1.3,
2011-08-01,SMP,t-7,-7,2.1,2.1,
2011-08-01,SMP,t-6,-6,2.9,2.9,
2011-08-01,SMP,t-5,-5,3.1,3.1,
2011-08-01,SMP,t-4,-4,2.8,2.8,
2011-08-01,SMP,t-3,-3,2.7,2.7,
2011-08-01,SMP,t-2,-2,3.3,3.3,
2011-08-01,SMP,t-1,-1,3.6,3.6,
2011-08-01,SMP,t,0,3.6,3.5,-0.10000000000000009
2011-08-01,SMP,t+1,1,3.5,3.1,-0.3999999999999999
2011-08-01,SMP,t+2,2,2.7,1.6,-1.1
2011-08-01,SMP,t+3,3,2.5,1.2,-1.3
2011-08-01,SMP,t+4,4,3.1,2.0,-1.1
2011-08-01,SMP,t+5,5,3.6,2.2,-1.4
2011-08-01,SMP,t+6,6,3.6,2.5,-1.1
2011-08-01,SMP,t+7,7,3.7,2.4,-1.3000000000000003
2011-08-01,SMP,t+8,8,3.2,2.2,-1.0
2011-08-01,SMP,t+9,9,3.1,2.7,-0.3999999999999999
2011-08-01,SMP,t+10,10,,2.9,
2011-08-01,SMP,t+11,11,,3.0,
2011-11-01,SMP,t-12,-12,3.7,3.7,
2011-11-01,SMP,t-11,-11,2.5,2.5,
2011-11-01,SMP,t-10,-10,1.5,1.5,
2011-11-01,SMP,t-9,-9,1.3,1.3,
2011-11-01,SMP,t-8,-8,2.1,2.1,
2011-11-01,SMP,t-7,-7,2.9,2.9,
2011-11-01,SMP,t-6,-6,3.1,3.1,
2011-11-01,SMP,t-5,-5,2.8,2.8,
2011-11-01,SMP,t-4,-4,2.7,2.7,
2011-11-01,SMP,t-3,-3,3.3,3.3,
2011-11-01,SMP,t-2,-2,3.6,3.6,
2011-11-01,SMP,t-1,-1,3.5,3.5,
2011-11-01,SMP,t,0,3.2,3.1,-0.10000000000000009
2011-11-01,SMP,t+1,1,2.3,1.6,-0.6999999999999997
2011-11-01,SMP,t+2,2,2.1,1.2,-0.9000000000000001
2011-11-01,SMP,t+3,3,2.6,2.0,-0.6000000000000001
2011-11-01,SMP,t+4,4,3.2,2.2,-1.0
2011-11-01,SMP,t+5,5,3.2,2.5,-0.7000000000000002
2011-11-01,SMP,t+6,6,3.2,2.4,-0.8000000000000003
2011-11-01,SMP,t+7,7,2.8,2.2,-0.5999999999999996
2011-11-01,SMP,t+8,8,2.7,2.7,0.0
2011-11-01,SMP,t+9,9,2.8,2.9,0.10000000000000009
2011-11-01,SMP,t+10,10,2.8,3.0,0.20000000000000018
2011-11-01,SMP,t+11,11,,2.3,
2012-02-01,SMP,t-12,-12,2.5,2.5,
2012-02-01,SMP,t-11,-11,1.5,1.5,
2012-02-01,SMP,t-10,-10,1.3,1.3,
2012-02-01,SMP,t-9,-9,2.1,2.1,
2012-02-01,SMP,t-8,-8,2.9,2.9,
2012-02-01,SMP,t-7,-7,3.1,3.1,
2012-02-01,SMP,t-6,-6,2.8,2.8,
2012-02-01,SMP,t-5,-5,2.7,2.7,
2012-02-01,SMP,t-4,-4,3.3,3.3,
2012-02-01,SMP,t-3,-3,3.6,3.6,
2012-02-01,SMP,t-2,-2,3.5,3.5,
2012-02-01,SMP,t-1,-1,3.1,3.1,
2012-02-01,SMP,t,0,2.1,1.6,-0.5
2012-02-01,SMP,t+1,1,1.8,1.2,-0.6000000000000001
2012-02-01,SMP,t+2,2,2.3,2.0,-0.2999999999999998
2012-02-01,SMP,t+3,3,3.1,2.2,-0.8999999999999999
2012-02-01,SMP,t+4,4,3.2,2.5,-0.7000000000000002
2012-02-01,SMP,t+5,5,3.2,2.4,-0.8000000000000003
2012-02-01,SMP,t+6,6,2.7,2.2,-0.5
2012-02-01,SMP,t+7,7,2.6,2.7,0.10000000000000009
2012-02-01,SMP,t+8,8,2.6,2.9,0.2999999999999998
2012-02-01,SMP,t+9,9,2.7,3.0,0.2999999999999998
2012-02-01,SMP,t+10,10,,2.3,
2012-02-01,SMP,t+11,11,,1.7,
2012-05-01,SMP,t-12,-12,1.5,1.5,
2012-05-01,SMP,t-11,-11,1.3,1.3,
2012-05-01,SMP,t-10,-10,2.1,2.1,
2012-05-01,SMP,t-9,-9,2.9,2.9,
2012-05-01,SMP,t-8,-8,3.1,3.1,
2012-05-01,SMP,t-7,-7,2.8,2.8,
2012-05-01,SMP,t-6,-6,2.7,2.7,
2012-05-01,SMP,t-5,-5,3.3,3.3,
2012-05-01,SMP,t-4,-4,3.6,3.6,
2012-05-01,SMP,t-3,-3,3.5,3.5,
2012-05-01,SMP,t-2,-2,3.1,3.1,
2012-05-01,SMP,t-1,-1,1.6,1.6,
2012-05-01,SMP,t,0,1.2,1.2,0.0
2012-05-01,SMP,t+1,1,1.7,2.0,0.30000000000000004
2012-05-01,SMP,t+2,2,2.4,2.2,-0.19999999999999973
2012-05-01,SMP,t+3,3,3.0,2.5,-0.5
2012-05-01,SMP,t+4,4,3.1,2.4,-0.7000000000000002
2012-05-01,SMP,t+5,5,2.5,2.2,-0.2999999999999998
2012-05-01,SMP,t+6,6,2.4,2.7,0.30000000000000027
2012-05-01,SMP,t+7,7,2.5,2.9,0.3999999999999999
2012-05-01,SMP,t+8,8,2.5,3.0,0.5
2012-05-01,SMP,t+9,9,,2.3,
2012-05-01,SMP,t+10,10,,1.7,
2012-05-01,SMP,t+11,11,,1.3,
2012-08-01,SMP,t-12,-12,1.3,1.3,
2012-08-01,SMP,t-11,-11,2.1,2.1,
2012-08-01,SMP,t-10,-10,2.9,2.9,
2012-08-01,SMP,t-9,-9,3.1,3.1,
2012-08-01,SMP,t-8,-8,2.8,2.8,
2012-08-01,SMP,t-7,-7,2.7,2.7,
2012-08-01,SMP,t-6,-6,3.3,3.3,
2012-08-01,SMP,t-5,-5,3.6,3.6,
2012-08-01,SMP,t-4,-4,3.5,3.5,
2012-08-01,SMP,t-3,-3,3.1,3.1,
2012-08-01,SMP,t-2,-2,1.6,1.6,
2012-08-01,SMP,t-1,-1,1.2,1.2,
2012-08-01,SMP,t,0,1.6,2.0,0.3999999999999999
2012-08-01,SMP,t+1,1,2.2,2.2,0.0
2012-08-01,SMP,t+2,2,2.8,2.5,-0.2999999999999998
2012-08-01,SMP,t+3,3,2.9,2.4,-0.5
2012-08-01,SMP,t+4,4,2.5,2.2,-0.2999999999999998
2012-08-01,SMP,t+5,5,2.6,2.7,0.10000000000000009
2012-08-01,SMP,t+6,6,2.5,2.9,0.3999999999999999
2012-08-01,SMP,t+7,7,2.5,3.0,0.5
2012-08-01,SMP,t+8,8,2.6,2.3,-0.30000000000000027
2012-08-01,SMP,t+9,9,2.6,1.7,-0.9000000000000001
2012-08-01,SMP,t+10,10,,1.3,
2012-08-01,SMP,t+11,11,,1.5,
2012-11-01,SMP,t-12,-12,2.1,2.1,
2012-11-01,SMP,t-11,-11,2.9,2.9,
2012-11-01,SMP,t-10,-10,3.1,3.1,
2012-11-01,SMP,t-9,-9,2.9,2.9,
2012-11-01,SMP,t-8,-8,2.8,2.8,
2012-11-01,SMP,t-7,-7,3.3,3.3,
2012-11-01,SMP,t-6,-6,3.5,3.5,
2012-11-01,SMP,t-5,-5,3.4,3.4,
2012-11-01,SMP,t-4,-4,3.0,3.0,
2012-11-01,SMP,t-3,-3,1.6,1.6,
2012-11-01,SMP,t-2,-2,1.2,1.2,
2012-11-01,SMP,t-1,-1,2.0,2.0,
2012-11-01,SMP,t,0,2.6,2.2,-0.3999999999999999
2012-11-01,SMP,t+1,1,3.2,2.5,-0.7000000000000002
2012-11-01,SMP,t+2,2,3.3,2.4,-0.8999999999999999
2012-11-01,SMP,t+3,3,2.5,2.2,-0.2999999999999998
2012-11-01,SMP,t+4,4,2.6,2.7,0.10000000000000009
2012-11-01,SMP,t+5,5,2.5,2.9,0.3999999999999999
2012-11-01,SMP,t+6,6,2.5,3.0,0.5
2012-11-01,SMP,t+7,7,2.6,2.3,-0.30000000000000027
2012-11-01,SMP,t+8,8,2.6,1.7,-0.9000000000000001
2012-11-01,SMP,t+9,9,,1.3,
2012-11-01,SMP,t+10,10,,1.5,
2012-11-01,SMP,t+11,11,,1.5,
2013-02-01,SMP,t-12,-12,2.9,2.9,
2013-02-01,SMP,t-11,-11,3.1,3.1,
2013-02-01,SMP,t-10,-10,2.9,2.9,
2013-02-01,SMP,t-9,-9,2.8,2.8,
2013-02-01,SMP,t-8,-8,3.3,3.3,
2013-02-01,SMP,t-7,-7,3.5,3.5,
2013-02-01,SMP,t-6,-6,3.4,3.4,
2013-02-01,SMP,t-5,-5,3.0,3.0,
2013-02-01,SMP,t-4,-4,1.6,1.6,
2013-02-01,SMP,t-3,-3,1.2,1.2,
2013-02-01,SMP,t-2,-2,2.0,2.0,
2013-02-01,SMP,t-1,-1,2.2,2.2,
2013-02-01,SMP,t,0,2.8,2.5,-0.2999999999999998
2013-02-01,SMP,t+1,1,2.9,2.4,-0.5
2013-02-01,SMP,t+2,2,2.1,2.2,0.10000000000000009
2013-02-01,SMP,t+3,3,2.5,2.7,0.20000000000000018
2013-02-01,SMP,t+4,4,2.4,2.9,0.5
2013-02-01,SMP,t+5,5,2.4,3.0,0.6000000000000001
2013-02-01,SMP,t+6,6,2.4,2.3,-0.10000000000000009
2013-02-01,SMP,t+7,7,2.4,1.7,-0.7
2013-02-01,SMP,t+8,8,2.4,1.3,-1.0999999999999999
2013-02-01,SMP,t+9,9,2.4,1.5,-0.8999999999999999
2013-02-01,SMP,t+10,10,,1.5,
2013-02-01,SMP,t+11,11,,1.7,
2013-05-01,SMP,t-12,-12,3.1,3.1,
2013-05-01,SMP,t-11,-11,2.9,2.9,
2013-05-01,SMP,t-10,-10,2.8,2.8,
2013-05-01,SMP,t-9,-9,3.3,3.3,
2013-05-01,SMP,t-8,-8,3.5,3.5,
2013-05-01,SMP,t-7,-7,3.4,3.4,
2013-05-01,SMP,t-6,-6,3.0,3.0,
2013-05-01,SMP,t-5,-5,1.6,1.6,
2013-05-01,SMP,t-4,-4,1.2,1.2,
2013-05-01,SMP,t-3,-3,2.0,2.0,
2013-05-01,SMP,t-2,-2,2.2,2.2,
2013-05-01,SMP,t-1,-1,2.5,2.5,
2013-05-01,SMP,t,0,2.3,2.4,0.10000000000000009
2013-05-01,SMP,t+1,1,1.6,2.2,0.6000000000000001
2013-05-01,SMP,t+2,2,1.9,2.7,0.8000000000000003
2013-05-01,SMP,t+3,3,2.3,2.9,0.6000000000000001
2013-05-01,SMP,t+4,4,2.4,3.0,0.6000000000000001
2013-05-01,SMP,t+5,5,2.4,2.3,-0.10000000000000009
2013-05-01,SMP,t+6,6,2.4,1.7,-0.7
2013-05-01,SMP,t+7,7,2.4,1.3,-1.0999999999999999
2013-05-01,SMP,t+8,8,2.4,1.5,-0.8999999999999999
2013-05-01,SMP,t+9,9,,1.5,
2013-05-01,SMP,t+10,10,,1.7,
2013-05-01,SMP,t+11,11,,1.3,
2013-08-01,SMP,t-12,-12,2.9,2.9,
2013-08-01,SMP,t-11,-11,2.8,2.8,
2013-08-01,SMP,t-10,-10,3.3,3.3,
2013-08-01,SMP,t-9,-9,3.5,3.5,
2013-08-01,SMP,t-8,-8,3.4,3.4,
2013-08-01,SMP,t-7,-7,3.0,3.0,
2013-08-01,SMP,t-6,-6,1.6,1.6,
2013-08-01,SMP,t-5,-5,1.2,1.2,
2013-08-01,SMP,t-4,-4,2.0,2.0,
2013-08-01,SMP,t-3,-3,2.2,2.2,
2013-08-01,SMP,t-2,-2,2.5,2.5,
2013-08-01,SMP,t-1,-1,2.4,2.4,
2013-08-01,SMP,t,0,1.8,2.2,0.40000000000000013
2013-08-01,SMP,t+1,1,2.0,2.7,0.7000000000000002
2013-08-01,SMP,t+2,2,2.4,2.9,0.5
2013-08-01,SMP,t+3,3,2.5,3.0,0.5
2013-08-01,SMP,t+4,4,2.5,2.3,-0.20000000000000018
2013-08-01,SMP,t+5,5,2.5,1.7,-0.8
2013-08-01,SMP,t+6,6,2.6,1.3,-1.3
2013-08-01,SMP,t+7,7,2.6,1.5,-1.1
2013-08-01,SMP,t+8,8,2.3,1.5,-0.7999999999999998
2013-08-01,SMP,t+9,9,2.2,1.7,-0.5000000000000002
2013-08-01,SMP,t+10,10,,1.3,
2013-08-01,SMP,t+11,11,,1.0,
2013-11-01,SMP,t-12,-12,2.8,2.8,
2013-11-01,SMP,t-11,-11,3.3,3.3,
2013-11-01,SMP,t-10,-10,3.5,3.5,
2013-11-01,SMP,t-9,-9,3.4,3.4,
2013-11-01,SMP,t-8,-8,3.0,3.0,
2013-11-01,SMP,t-7,-7,1.6,1.6,
2013-11-01,SMP,t-6,-6,1.2,1.2,
2013-11-01,SMP,t-5,-5,2.0,2.0,
2013-11-01,SMP,t-4,-4,2.2,2.2,
2013-11-01,SMP,t-3,-3,2.5,2.5,
2013-11-01,SMP,t-2,-2,2.4,2.4,
2013-11-01,SMP,t-1,-1,2.2,2.2,
2013-11-01,SMP,t,0,2.4,2.7,0.30000000000000027
2013-11-01,SMP,t+1,1,2.8,2.9,0.10000000000000009
2013-11-01,SMP,t+2,2,2.8,3.0,0.20000000000000018
2013-11-01,SMP,t+3,3,2.4,2.3,-0.10000000000000009
2013-11-01,SMP,t+4,4,2.4,1.7,-0.7
2013-11-01,SMP,t+5,5,2.4,1.3,-1.0999999999999999
2013-11-01,SMP,t+6,6,2.4,1.5,-0.8999999999999999
2013-11-01,SMP,t+7,7,2.1,1.5,-0.6000000000000001
2013-11-01,SMP,t+8,8,2.0,1.7,-0.30000000000000004
2013-11-01,SMP,t+9,9,,1.3,
2013-11-01,SMP,t+10,10,,1.0,
2013-11-01,SMP,t+11,11,,1.3,
2014-02-01,SMP,t-12,-12,3.3,3.3,
2014-02-01,SMP,t-11,-11,3.5,3.5,
2014-02-01,SMP,t-10,-10,3.4,3.4,
2014-02-01,SMP,t-9,-9,3.0,3.0,
2014-02-01,SMP,t-8,-8,1.6,1.6,
2014-02-01,SMP,t-7,-7,1.2,1.2,
2014-02-01,SMP,t-6,-6,2.0,2.0,
2014-02-01,SMP,t-5,-5,2.2,2.2,
2014-02-01,SMP,t-4,-4,2.5,2.5,
2014-02-01,SMP,t-3,-3,2.4,2.4,
2014-02-01,SMP,t-2,-2,2.2,2.2,
2014-02-01,SMP,t-1,-1,2.7,2.7,
2014-02-01,SMP,t,0,3.2,2.9,-0.30000000000000027
2014-02-01,SMP,t+1,1,3.3,3.0,-0.2999999999999998
2014-02-01,SMP,t+2,2,3.0,2.3,-0.7000000000000002
2014-02-01,SMP,t+3,3,2.8,1.7,-1.0999999999999999
2014-02-01,SMP,t+4,4,2.6,1.3,-1.3
2014-02-01,SMP,t+5,5,2.6,1.5,-1.1
2014-02-01,SMP,t+6,6,2.4,1.5,-0.8999999999999999
2014-02-01,SMP,t+7,7,2.3,1.7,-0.5999999999999999
2014-02-01,SMP,t+8,8,2.3,1.3,-0.9999999999999998
2014-02-01,SMP,t+9,9,2.3,1.0,-1.2999999999999998
2014-02-01,SMP,t+10,10,,1.3,
2014-02-01,SMP,t+11,11,,1.5,
2014-05-01,SMP,t-12,-12,3.5,3.5,
2014-05-01,SMP,t-11,-11,3.4,3.4,
2014-05-01,SMP,t-10,-10,3.0,3.0,
2014-05-01,SMP,t-9,-9,1.6,1.6,
2014-05-01,SMP,t-8,-8,1.2,1.2,
2014-05-01,SMP,t-7,-7,2.0,2.0,
2014-05-01,SMP,t-6,-6,2.2,2.2,
2014-05-01,SMP,t-5,-5,2.5,2.5,
2014-05-01,SMP,t-4,-4,2.4,2.4,
2014-05-01,SMP,t-3,-3,2.2,2.2,
2014-05-01,SMP,t-2,-2,2.7,2.7,
2014-05-01,SMP,t-1,-1,2.9,2.9,
2014-05-01,SMP,t,0,3.0,3.0,0.0
2014-05-01,SMP,t+1,1,2.8,2.3,-0.5
2014-05-01,SMP,t+2,2,2.8,1.7,-1.0999999999999999
2014-05-01,SMP,t+3,3,3.0,1.3,-1.7
2014-05-01,SMP,t+4,4,3.0,1.5,-1.5
2014-05-01,SMP,t+5,5,2.7,1.5,-1.2000000000000002
2014-05-01,SMP,t+6,6,2.6,1.7,-0.9000000000000001
2014-05-01,SMP,t+7,7,2.6,1.3,-1.3
2014-05-01,SMP,t+8,8,2.6,1.0,-1.6
2014-05-01,SMP,t+9,9,,1.3,
2014-05-01,SMP,t+10,10,,1.5,
2014-05-01,SMP,t+11,11,,2.1,
2014-08-01,SMP,t-12,-12,3.4,3.4,
2014-08-01,SMP,t-11,-11,3.0,3.0,
2014-08-01,SMP,t-10,-10,1.6,1.6,
2014-08-01,SMP,t-9,-9,1.2,1.2,
2014-08-01,SMP,t-8,-8,2.0,2.0,
2014-08-01,SMP,t-7,-7,2.2,2.2,
2014-08-01,SMP,t-6,-6,2.5,2.5,
2014-08-01,SMP,t-5,-5,2.4,2.4,
2014-08-01,SMP,t-4,-4,2.2,2.2,
2014-08-01,SMP,t-3,-3,2.7,2.7,
2014-08-01,SMP,t-2,-2,2.9,2.9,
2014-08-01,SMP,t-1,-1,3.0,3.0,
2014-08-01,SMP,t,0,2.3,2.3,0.0
2014-08-01,SMP,t+1,1,2.0,1.7,-0.30000000000000004
2014-08-01,SMP,t+2,2,2.1,1.3,-0.8
2014-08-01,SMP,t+3,3,2.2,1.5,-0.7000000000000002
2014-08-01,SMP,t+4,4,2.6,1.5,-1.1
2014-08-01,SMP,t+5,5,2.9,1.7,-1.2
2014-08-01,SMP,t+6,6,2.9,1.3,-1.5999999999999999
2014-08-01,SMP,t+7,7,2.9,1.0,-1.9
2014-08-01,SMP,t+8,8,2.8,1.3,-1.4999999999999998
2014-08-01,SMP,t+9,9,2.8,1.5,-1.2999999999999998
2014-08-01,SMP,t+10,10,,2.1,
2014-08-01,SMP,t+11,11,,1.9,
2014-11-01,SMP,t-12,-12,3.0,3.0,
2014-11-01,SMP,t-11,-11,1.6,1.6,
2014-11-01,SMP,t-10,-10,1.2,1.2,
2014-11-01,SMP,t-9,-9,2.0,2.0,
2014-11-01,SMP,t-8,-8,2.2,2.2,
2014-11-01,SMP,t-7,-7,2.5,2.5,
2014-11-01,SMP,t-6,-6,2.4,2.4,
2014-11-01,SMP,t-5,-5,2.2,2.2,
2014-11-01,SMP,t-4,-4,2.7,2.7,
2014-11-01,SMP,t-3,-3,2.9,2.9,
2014-11-01,SMP,t-2,-2,3.0,3.0,
2014-11-01,SMP,t-1,-1,2.3,2.3,
2014-11-01,SMP,t,0,1.8,1.7,-0.10000000000000009
2014-11-01,SMP,t+1,1,2.0,1.3,-0.7
2014-11-01,SMP,t+2,2,2.0,1.5,-0.5
2014-11-01,SMP,t+3,3,2.6,1.5,-1.1
2014-11-01,SMP,t+4,4,2.9,1.7,-1.2
2014-11-01,SMP,t+5,5,2.9,1.3,-1.5999999999999999
2014-11-01,SMP,t+6,6,3.0,1.0,-2.0
2014-11-01,SMP,t+7,7,2.9,1.3,-1.5999999999999999
2014-11-01,SMP,t+8,8,2.9,1.5,-1.4
2014-11-01,SMP,t+9,9,,2.1,
2014-11-01,SMP,t+10,10,,1.9,
2014-11-01,SMP,t+11,11,,1.8,
2015-02-01,SMP,t-12,-12,1.6,1.6,
2015-02-01,SMP,t-11,-11,1.2,1.2,
2015-02-01,SMP,t-10,-10,2.0,2.0,
2015-02-01,SMP,t-9,-9,2.2,2.2,
2015-02-01,SMP,t-8,-8,2.5,2.5,
2015-02-01,SMP,t-7,-7,2.4,2.4,
2015-02-01,SMP,t-6,-6,2.2,2.2,
2015-02-01,SMP,t-5,-5,2.7,2.7,
2015-02-01,SMP,t-4,-4,2.9,2.9,
2015-02-01,SMP,t-3,-3,3.0,3.0,
2015-02-01,SMP,t-2,-2,2.3,2.3,
2015-02-01,SMP,t-1,-1,1.7,1.7,
2015-02-01,SMP,t,0,1.3,1.3,0.0
2015-02-01,SMP,t+1,1,1.3,1.5,0.19999999999999996
2015-02-01,SMP,t+2,2,1.9,1.5,-0.3999999999999999
2015-02-01,SMP,t+3,3,2.4,1.7,-0.7
2015-02-01,SMP,t+4,4,2.9,1.3,-1.5999999999999999
2015-02-01,SMP,t+5,5,2.8,1.0,-1.7999999999999998
2015-02-01,SMP,t+6,6,2.8,1.3,-1.4999999999999998
2015-02-01,SMP,t+7,7,2.8,1.5,-1.2999999999999998
2015-02-01,SMP,t+8,8,2.9,2.1,-0.7999999999999998
2015-02-01,SMP,t+9,9,2.9,1.9,-1.0
2015-02-01,SMP,t+10,10,,1.8,
2015-02-01,SMP,t+11,11,,1.9,
2015-05-01,SMP,t-12,-12,1.2,1.2,
2015-05-01,SMP,t-11,-11,2.0,2.0,
2015-05-01,SMP,t-10,-10,2.2,2.2,
2015-05-01,SMP,t-9,-9,2.5,2.5,
2015-05-01,SMP,t-8,-8,2.4,2.4,
2015-05-01,SMP,t-7,-7,2.2,2.2,
2015-05-01,SMP,t-6,-6,2.7,2.7,
2015-05-01,SMP,t-5,-5,2.9,2.9,
2015-05-01,SMP,t-4,-4,3.0,3.0,
2015-05-01,SMP,t-3,-3,2.3,2.3,
2015-05-01,SMP,t-2,-2,1.7,1.7,
2015-05-01,SMP,t-1,-1,1.3,1.3,
2015-05-01,SMP,t,0,1.6,1.5,-0.10000000000000009
2015-05-01,SMP,t+1,1,2.1,1.5,-0.6000000000000001
2015-05-01,SMP,t+2,2,2.6,1.7,-0.9000000000000001
2015-05-01,SMP,t+3,3,2.9,1.3,-1.5999999999999999
2015-05-01,SMP,t+4,4,2.5,1.0,-1.5
2015-05-01,SMP,t+5,5,2.6,1.3,-1.3
2015-05-01,SMP,t+6,6,2.5,1.5,-1.0
2015-05-01,SMP,t+7,7,2.5,2.1,-0.3999999999999999
2015-05-01,SMP,t+8,8,2.5,1.9,-0.6000000000000001
2015-05-01,SMP,t+9,9,,1.8,
2015-05-01,SMP,t+10,10,,1.9,
2015-05-01,SMP,t+11,11,,1.9,
2015-08-01,SMP,t-12,-12,2.0,2.0,
2015-08-01,SMP,t-11,-11,2.2,2.2,
2015-08-01,SMP,t-10,-10,2.5,2.5,
2015-08-01,SMP,t-9,-9,2.4,2.4,
2015-08-01,SMP,t-8,-8,2.2,2.2,
2015-08-01,SMP,t-7,-7,2.7,2.7,
2015-08-01,SMP,t-6,-6,2.9,2.9,
2015-08-01,SMP,t-5,-5,3.0,3.0,
2015-08-01,SMP,t-4,-4,2.3,2.3,
2015-08-01,SMP,t-3,-3,1.7,1.7,
2015-08-01,SMP,t-2,-2,1.3,1.3,
2015-08-01,SMP,t-1,-1,1.5,1.5,
2015-08-01,SMP,t,0,2.1,1.5,-0.6000000000000001
2015-08-01,SMP,t+1,1,2.6,1.7,-0.9000000000000001
2015-08-01,SMP,t+2,2,3.0,1.3,-1.7
2015-08-01,SMP,t+3,3,2.9,1.0,-1.9
2015-08-01,SMP,t+4,4,2.9,1.3,-1.5999999999999999
2015-08-01,SMP,t+5,5,2.8,1.5,-1.2999999999999998
2015-08-01,SMP,t+6,6,2.8,2.1,-0.6999999999999997
2015-08-01,SMP,t+7,7,2.8,1.9,-0.8999999999999999
2015-08-01,SMP,t+8,8,2.6,1.8,-0.8
2015-08-01,SMP,t+9,9,2.4,1.9,-0.5
2015-08-01,SMP,t+10,10,,1.9,
2015-08-01,SMP,t+11,11,,2.1,
2015-11-01,SMP,t-12,-12,2.2,2.2,
2015-11-01,SMP,t-11,-11,2.5,2.5,
2015-11-01,SMP,t-10,-10,2.4,2.4,
2015-11-01,SMP,t-9,-9,2.2,2.2,
2015-11-01,SMP,t-8,-8,2.7,2.7,
2015-11-01,SMP,t-7,-7,2.9,2.9,
2015-11-01,SMP,t-6,-6,3.0,3.0,
2015-11-01,SMP,t-5,-5,2.3,2.3,
2015-11-01,SMP,t-4,-4,1.7,1.7,
2015-11-01,SMP,t-3,-3,1.3,1.3,
2015-11-01,SMP,t-2,-2,1.5,1.5,
2015-11-01,SMP,t-1,-1,1.5,1.5,
2015-11-01,SMP,t,0,1.8,1.7,-0.10000000000000009
2015-11-01,SMP,t+1,1,2.1,1.3,-0.8
2015-11-01,SMP,t+2,2,1.9,1.0,-0.8999999999999999
2015-11-01,SMP,t+3,3,2.5,1.3,-1.2
2015-11-01,SMP,t+4,4,2.8,1.5,-1.2999999999999998
2015-11-01,SMP,t+5,5,2.8,2.1,-0.6999999999999997
2015-11-01,SMP,t+6,6,2.8,1.9,-0.8999999999999999
2015-11-01,SMP,t+7,7,2.7,1.8,-0.9000000000000001
2015-11-01,SMP,t+8,8,2.5,1.9,-0.6000000000000001
2015-11-01,SMP,t+9,9,,1.9,
2015-11-01,SMP,t+10,10,,2.1,
2015-11-01,SMP,t+11,11,,1.9,
2016-02-01,SMP,t-12,-12,2.5,2.5,
2016-02-01,SMP,t-11,-11,2.4,2.4,
2016-02-01,SMP,t-10,-10,2.2,2.2,
2016-02-01,SMP,t-9,-9,2.7,2.7,
2016-02-01,SMP,t-8,-8,2.9,2.9,
2016-02-01,SMP,t-7,-7,3.0,3.0,
2016-02-01,SMP,t-6,-6,2.3,2.3,
2016-02-01,SMP,t-5,-5,1.7,1.7,
2016-02-01,SMP,t-4,-4,1.3,1.3,
2016-02-01,SMP,t-3,-3,1.5,1.5,
2016-02-01,SMP,t-2,-2,1.5,1.5,
2016-02-01,SMP,t-1,-1,1.7,1.7,
2016-02-01,SMP,t,0,1.7,1.3,-0.3999999999999999
2016-02-01,SMP,t+1,1,1.5,1.0,-0.5
2016-02-01,SMP,t+2,2,1.9,1.3,-0.5999999999999999
2016-02-01,SMP,t+3,3,2.2,1.5,-0.7000000000000002
2016-02-01,SMP,t+4,4,2.5,2.1,-0.3999999999999999
2016-02-01,SMP,t+5,5,2.5,1.9,-0.6000000000000001
2016-02-01,SMP,t+6,6,2.4,1.8,-0.5999999999999999
2016-02-01,SMP,t+7,7,2.3,1.9,-0.3999999999999999
2016-02-01,SMP,t+8,8,2.3,1.9,-0.3999999999999999
2016-02-01,SMP,t+9,9,2.4,2.1,-0.2999999999999998
2016-02-01,SMP,t+10,10,,1.9,
2016-02-01,SMP,t+11,11,,1.8,
2016-05-01,SMP,t-12,-12,2.4,2.4,
2016-05-01,SMP,t-11,-11,2.2,2.2,
2016-05-01,SMP,t-10,-10,2.7,2.7,
2016-05-01,SMP,t-9,-9,2.9,2.9,
2016-05-01,SMP,t-8,-8,3.0,3.0,
2016-05-01,SMP,t-7,-7,2.3,2.3,
2016-05-01,SMP,t-6,-6,1.7,1.7,
2016-05-01,SMP,t-5,-5,1.3,1.3,
2016-05-01,SMP,t-4,-4,1.5,1.5,
2016-05-01,SMP,t-3,-3,1.5,1.5,
2016-05-01,SMP,t-2,-2,1.7,1.7,
2016-05-01,SMP,t-1,-1,1.3,1.3,
2016-05-01,SMP,t,0,0.9,1.0,0.09999999999999998
2016-05-01,SMP,t+1,1,1.2,1.3,0.10000000000000009
2016-05-01,SMP,t+2,2,1.3,1.5,0.19999999999999996
2016-05-01,SMP,t+3,3,1.9,2.1,0.20000000000000018
2016-05-01,SMP,t+4,4,1.9,1.9,0.0
2016-05-01,SMP,t+5,5,1.9,1.8,-0.09999999999999987
2016-05-01,SMP,t+6,6,1.9,1.9,0.0
2016-05-01,SMP,t+7,7,2.0,1.9,-0.10000000000000009
2016-05-01,SMP,t+8,8,2.1,2.1,0.0
2016-05-01,SMP,t+9,9,,1.9,
2016-05-01,SMP,t+10,10,,1.8,
2016-05-01,SMP,t+11,11,,1.3,
2016-08-01,SMP,t-12,-12,2.2,2.2,
2016-08-01,SMP,t-11,-11,2.7,2.7,
2016-08-01,SMP,t-10,-10,2.9,2.9,
2016-08-01,SMP,t-9,-9,3.0,3.0,
2016-08-01,SMP,t-8,-8,2.3,2.3,
2016-08-01,SMP,t-7,-7,1.7,1.7,
2016-08-01,SMP,t-6,-6,1.3,1.3,
2016-08-01,SMP,t-5,-5,1.5,1.5,
2016-08-01,SMP,t-4,-4,1.5,1.5,
2016-08-01,SMP,t-3,-3,1.7,1.7,
2016-08-01,SMP,t-2,-2,1.3,1.3,
2016-08-01,SMP,t-1,-1,1.0,1.0,
2016-08-01,SMP,t,0,1.3,1.3,0.0
2016-08-01,SMP,t+1,1,1.6,1.5,-0.10000000000000009
2016-08-01,SMP,t+2,2,2.1,2.1,0.0
2016-08-01,SMP,t+3,3,2.1,1.9,-0.20000000000000018
2016-08-01,SMP,t+4,4,2.0,1.8,-0.19999999999999996
2016-08-01,SMP,t+5,5,1.9,1.9,0.0
2016-08-01,SMP,t+6,6,1.9,1.9,0.0
2016-08-01,SMP,t+7,7,1.9,2.1,0.20000000000000018
2016-08-01,SMP,t+8,8,2.0,1.9,-0.10000000000000009
2016-08-01,SMP,t+9,9,2.0,1.8,-0.19999999999999996
2016-08-01,SMP,t+10,10,,1.3,
2016-08-01,SMP,t+11,11,,1.6,
2016-11-01,SMP,t-12,-12,2.7,2.7,
2016-11-01,SMP,t-11,-11,2.9,2.9,
2016-11-01,SMP,t-10,-10,3.0,3.0,
2016-11-01,SMP,t-9,-9,2.3,2.3,
2016-11-01,SMP,t-8,-8,1.7,1.7,
2016-11-01,SMP,t-7,-7,1.3,1.3,
2016-11-01,SMP,t-6,-6,1.5,1.5,
2016-11-01,SMP,t-5,-5,1.5,1.5,
2016-11-01,SMP,t-4,-4,1.7,1.7,
2016-11-01,SMP,t-3,-3,1.3,1.3,
2016-11-01,SMP,t-2,-2,1.0,1.0,
2016-11-01,SMP,t-1,-1,1.3,1.3,
2016-11-01,SMP,t,0,1.5,1.5,0.0
2016-11-01,SMP,t+1,1,2.0,2.1,0.10000000000000009
2016-11-01,SMP,t+2,2,2.0,1.9,-0.10000000000000009
2016-11-01,SMP,t+3,3,2.1,1.8,-0.30000000000000004
2016-11-01,SMP,t+4,4,2.2,1.9,-0.30000000000000027
2016-11-01,SMP,t+5,5,2.2,1.9,-0.30000000000000027
2016-11-01,SMP,t+6,6,2.3,2.1,-0.19999999999999973
2016-11-01,SMP,t+7,7,2.3,1.9,-0.3999999999999999
2016-11-01,SMP,t+8,8,2.3,1.8,-0.4999999999999998
2016-11-01,SMP,t+9,9,,1.3,
2016-11-01,SMP,t+10,10,,1.6,
2016-11-01,SMP,t+11,11,,1.7,
2017-02-01,SMP,t-12,-12,2.9,2.9,
2017-02-01,SMP,t-11,-11,3.0,3.0,
2017-02-01,SMP,t-10,-10,2.3,2.3,
2017-02-01,SMP,t-9,-9,1.7,1.7,
2017-02-01,SMP,t-8,-8,1.3,1.3,
2017-02-01,SMP,t-7,-7,1.5,1.5,
2017-02-01,SMP,t-6,-6,1.5,1.5,
2017-02-01,SMP,t-5,-5,1.7,1.7,
2017-02-01,SMP,t-4,-4,1.3,1.3,
2017-02-01,SMP,t-3,-3,1.0,1.0,
2017-02-01,SMP,t-2,-2,1.3,1.3,
2017-02-01,SMP,t-1,-1,1.5,1.5,
2017-02-01,SMP,t,0,2.0,2.1,0.10000000000000009
2017-02-01,SMP,t+1,1,1.9,1.9,0.0
2017-02-01,SMP,t+2,2,2.1,1.8,-0.30000000000000004
2017-02-01,SMP,t+3,3,2.3,1.9,-0.3999999999999999
2017-02-01,SMP,t+4,4,2.3,1.9,-0.3999999999999999
2017-02-01,SMP,t+5,5,2.3,2.1,-0.19999999999999973
2017-02-01,SMP,t+6,6,2.3,1.9,-0.3999999999999999
2017-02-01,SMP,t+7,7,2.3,1.8,-0.4999999999999998
2017-02-01,SMP,t+8,8,2.3,1.3,-0.9999999999999998
2017-02-01,SMP,t+9,9,2.3,1.6,-0.6999999999999997
2017-02-01,SMP,t+10,10,,1.7,
2017-02-01,SMP,t+11,11,,1.8,
2017-05-01,SMP,t-12,-12,3.0,3.0,
2017-05-01,SMP,t-11,-11,2.3,2.3,
2017-05-01,SMP,t-10,-10,1.7,1.7,
2017-05-01,SMP,t-9,-9,1.3,1.3,
2017-05-01,SMP,t-8,-8,1.5,1.5,
2017-05-01,SMP,t-7,-7,1.5,1.5,
2017-05-01,SMP,t-6,-6,1.7,1.7,
2017-05-01,SMP,t-5,-5,1.3,1.3,
2017-05-01,SMP,t-4,-4,1.0,1.0,
2017-05-01,SMP,t-3,-3,1.3,1.3,
2017-05-01,SMP,t-2,-2,1.5,1.5,
2017-05-01,SMP,t-1,-1,2.1,2.1,
2017-05-01,SMP,t,0,2.1,1.9,-0.20000000000000018
2017-05-01,SMP,t+1,1,2.2,1.8,-0.40000000000000013
2017-05-01,SMP,t+2,2,2.3,1.9,-0.3999999999999999
2017-05-01,SMP,t+3,3,2.3,1.9,-0.3999999999999999
2017-05-01,SMP,t+4,4,2.3,2.1,-0.19999999999999973
2017-05-01,SMP,t+5,5,2.3,1.9,-0.3999999999999999
2017-05-01,SMP,t+6,6,2.2,1.8,-0.40000000000000013
2017-05-01,SMP,t+7,7,2.3,1.3,-0.9999999999999998
2017-05-01,SMP,t+8,8,2.3,1.6,-0.6999999999999997
2017-05-01,SMP,t+9,9,,1.7,
2017-05-01,SMP,t+10,10,,1.8,
2017-05-01,SMP,t+11,11,,2.2,
2017-08-01,SMP,t-12,-12,2.3,2.3,
2017-08-01,SMP,t-11,-11,1.7,1.7,
2017-08-01,SMP,t-10,-10,1.3,1.3,
2017-08-01,SMP,t-9,-9,1.5,1.5,
2017-08-01,SMP,t-8,-8,1.5,1.5,
2017-08-01,SMP,t-7,-7,1.7,1.7,
2017-08-01,SMP,t-6,-6,1.3,1.3,
2017-08-01,SMP,t-5,-5,1.0,1.0,
2017-08-01,SMP,t-4,-4,1.3,1.3,
2017-08-01,SMP,t-3,-3,1.5,1.5,
2017-08-01,SMP,t-2,-2,2.1,2.1,
2017-08-01,SMP,t-1,-1,1.9,1.9,
2017-08-01,SMP,t,0,2.1,1.8,-0.30000000000000004
2017-08-01,SMP,t+1,1,2.1,1.9,-0.20000000000000018
2017-08-01,SMP,t+2,2,2.1,1.9,-0.20000000000000018
2017-08-01,SMP,t+3,3,2.3,2.1,-0.19999999999999973
2017-08-01,SMP,t+4,4,2.3,1.9,-0.3999999999999999
2017-08-01,SMP,t+5,5,2.3,1.8,-0.4999999999999998
2017-08-01,SMP,t+6,6,2.4,1.3,-1.0999999999999999
2017-08-01,SMP,t+7,7,2.4,1.6,-0.7999999999999998
2017-08-01,SMP,t+8,8,2.5,1.7,-0.8
2017-08-01,SMP,t+9,9,2.5,1.8,-0.7
2017-08-01,SMP,t+10,10,,2.2,
2017-08-01,SMP,t+11,11,,-0.3,
2017-11-01,SMP,t-12,-12,1.7,1.7,
2017-11-01,SMP,t-11,-11,1.3,1.3,
2017-11-01,SMP,t-10,-10,1.5,1.5,
2017-11-01,SMP,t-9,-9,1.5,1.5,
2017-11-01,SMP,t-8,-8,1.7,1.7,
2017-11-01,SMP,t-7,-7,1.3,1.3,
2017-11-01,SMP,t-6,-6,1.0,1.0,
2017-11-01,SMP,t-5,-5,1.3,1.3,
2017-11-01,SMP,t-4,-4,1.5,1.5,
2017-11-01,SMP,t-3,-3,2.1,2.1,
2017-11-01,SMP,t-2,-2,1.9,1.9,
2017-11-01,SMP,t-1,-1,1.8,1.8,
2017-11-01,SMP,t,0,2.0,1.9,-0.10000000000000009
2017-11-01,SMP,t+1,1,2.0,1.9,-0.10000000000000009
2017-11-01,SMP,t+2,2,2.1,2.1,0.0
2017-11-01,SMP,t+3,3,2.3,1.9,-0.3999999999999999
2017-11-01,SMP,t+4,4,2.2,1.8,-0.40000000000000013
2017-11-01,SMP,t+5,5,2.2,1.3,-0.9000000000000001
2017-11-01,SMP,t+6,6,2.2,1.6,-0.6000000000000001
2017-11-01,SMP,t+7,7,2.3,1.7,-0.5999999999999999
2017-11-01,SMP,t+8,8,2.3,1.8,-0.4999999999999998
2017-11-01,SMP,t+9,9,,2.2,
2017-11-01,SMP,t+10,10,,-0.3,
2017-11-01,SMP,t+11,11,,0.7,
2018-02-01,SMP,t-12,-12,1.3,1.3,
2018-02-01,SMP,t-11,-11,1.5,1.5,
2018-02-01,SMP,t-10,-10,1.5,1.5,
2018-02-01,SMP,t-9,-9,1.7,1.7,
2018-02-01,SMP,t-8,-8,1.3,1.3,
2018-02-01,SMP,t-7,-7,1.0,1.0,
2018-02-01,SMP,t-6,-6,1.3,1.3,
2018-02-01,SMP,t-5,-5,1.5,1.5,
2018-02-01,SMP,t-4,-4,2.1,2.1,
2018-02-01,SMP,t-3,-3,1.9,1.9,
2018-02-01,SMP,t-2,-2,1.8,1.8,
2018-02-01,SMP,t-1,-1,1.9,1.9,
2018-02-01,SMP,t,0,1.8,1.9,0.09999999999999987
2018-02-01,SMP,t+1,1,2.0,2.1,0.10000000000000009
2018-02-01,SMP,t+2,2,2.1,1.9,-0.20000000000000018
2018-02-01,SMP,t+3,3,2.1,1.8,-0.30000000000000004
2018-02-01,SMP,t+4,4,2.2,1.3,-0.9000000000000001
2018-02-01,SMP,t+5,5,2.3,1.6,-0.6999999999999997
2018-02-01,SMP,t+6,6,2.4,1.7,-0.7
2018-02-01,SMP,t+7,7,2.3,1.8,-0.4999999999999998
2018-02-01,SMP,t+8,8,2.3,2.2,-0.09999999999999964
2018-02-01,SMP,t+9,9,2.3,-0.3,-2.5999999999999996
2018-02-01,SMP,t+10,10,,0.7,
2018-02-01,SMP,t+11,11,,0.9,
2018-05-01,SMP,t-12,-12,1.5,1.5,
2018-05-01,SMP,t-11,-11,1.5,1.5,
2018-05-01,SMP,t-10,-10,1.7,1.7,
2018-05-01,SMP,t-9,-9,1.3,1.3,
2018-05-01,SMP,t-8,-8,1.0,1.0,
2018-05-01,SMP,t-7,-7,1.3,1.3,
2018-05-01,SMP,t-6,-6,1.5,1.5,
2018-05-01,SMP,t-5,-5,2.1,2.1,
2018-05-01,SMP,t-4,-4,1.9,1.9,
2018-05-01,SMP,t-3,-3,1.8,1.8,
2018-05-01,SMP,t-2,-2,1.9,1.9,
2018-05-01,SMP,t-1,-1,1.9,1.9,
2018-05-01,SMP,t,0,2.1,2.1,0.0
2018-05-01,SMP,t+1,1,2.3,1.9,-0.3999999999999999
2018-05-01,SMP,t+2,2,2.2,1.8,-0.40000000000000013
2018-05-01,SMP,t+3,3,2.1,1.3,-0.8
2018-05-01,SMP,t+4,4,2.2,1.6,-0.6000000000000001
2018-05-01,SMP,t+5,5,2.2,1.7,-0.5000000000000002
2018-05-01,SMP,t+6,6,2.3,1.8,-0.4999999999999998
2018-05-01,SMP,t+7,7,2.3,2.2,-0.09999999999999964
2018-05-01,SMP,t+8,8,2.3,-0.3,-2.5999999999999996
2018-05-01,SMP,t+9,9,,0.7,
2018-05-01,SMP,t+10,10,,0.9,
2018-05-01,SMP,t+11,11,,1.1,
2018-08-01,SMP,t-12,-12,1.5,1.5,
2018-08-01,SMP,t-11,-11,1.7,1.7,
2018-08-01,SMP,t-10,-10,1.3,1.3,
2018-08-01,SMP,t-9,-9,1.0,1.0,
2018-08-01,SMP,t-8,-8,1.3,1.3,
2018-08-01,SMP,t-7,-7,1.5,1.5,
2018-08-01,SMP,t-6,-6,2.1,2.1,
2018-08-01,SMP,t-5,-5,1.9,1.9,
2018-08-01,SMP,t-4,-4,1.8,1.8,
2018-08-01,SMP,t-3,-3,1.9,1.9,
2018-08-01,SMP,t-2,-2,1.9,1.9,
2018-08-01,SMP,t-1,-1,2.1,2.1,
2018-08-01,SMP,t,0,2.0,1.9,-0.10000000000000009
2018-08-01,SMP,t+1,1,1.9,1.8,-0.09999999999999987
2018-08-01,SMP,t+2,2,1.8,1.3,-0.5
2018-08-01,SMP,t+3,3,1.9,1.6,-0.2999999999999998
2018-08-01,SMP,t+4,4,2.2,1.7,-0.5000000000000002
2018-08-01,SMP,t+5,5,2.2,1.8,-0.40000000000000013
2018-08-01,SMP,t+6,6,2.3,2.2,-0.09999999999999964
2018-08-01,SMP,t+7,7,2.2,-0.3,-2.5
2018-08-01,SMP,t+8,8,2.3,0.7,-1.5999999999999999
2018-08-01,SMP,t+9,9,2.3,0.9,-1.4
2018-08-01,SMP,t+10,10,,1.1,
2018-08-01,SMP,t+11,11,,3.8,
2018-11-01,SMP,t-12,-12,1.7,1.7,
2018-11-01,SMP,t-11,-11,1.3,1.3,
2018-11-01,SMP,t-10,-10,1.0,1.0,
2018-11-01,SMP,t-9,-9,1.3,1.3,
2018-11-01,SMP,t-8,-8,1.5,1.5,
2018-11-01,SMP,t-7,-7,2.1,2.1,
2018-11-01,SMP,t-6,-6,1.9,1.9,
2018-11-01,SMP,t-5,-5,1.8,1.8,
2018-11-01,SMP,t-4,-4,1.9,1.9,
2018-11-01,SMP,t-3,-3,1.9,1.9,
2018-11-01,SMP,t-2,-2,2.1,2.1,
2018-11-01,SMP,t-1,-1,1.9,1.9,
2018-11-01,SMP,t,0,2.0,1.8,-0.19999999999999996
2018-11-01,SMP,t+1,1,1.9,1.3,-0.5999999999999999
2018-11-01,SMP,t+2,2,2.0,1.6,-0.3999999999999999
2018-11-01,SMP,t+3,3,2.4,1.7,-0.7
2018-11-01,SMP,t+4,4,2.3,1.8,-0.4999999999999998
2018-11-01,SMP,t+5,5,2.3,2.2,-0.09999999999999964
2018-11-01,SMP,t+6,6,2.3,-0.3,-2.5999999999999996
2018-11-01,SMP,t+7,7,2.4,0.7,-1.7
2018-11-01,SMP,t+8,8,2.4,0.9,-1.5
2018-11-01,SMP,t+9,9,,1.1,
2018-11-01,SMP,t+10,10,,3.8,
2018-11-01,SMP,t+11,11,,3.0,
2019-02-01,SMP,t-12,-12,1.3,1.3,
2019-02-01,SMP,t-11,-11,1.0,1.0,
2019-02-01,SMP,t-10,-10,1.3,1.3,
2019-02-01,SMP,t-9,-9,1.5,1.5,
2019-02-01,SMP,t-8,-8,2.1,2.1,
2019-02-01,SMP,t-7,-7,1.9,1.9,
2019-02-01,SMP,t-6,-6,1.8,1.8,
2019-02-01,SMP,t-5,-5,1.9,1.9,
2019-02-01,SMP,t-4,-4,1.9,1.9,
2019-02-01,SMP,t-3,-3,2.1,2.1,
2019-02-01,SMP,t-2,-2,1.9,1.9,
2019-02-01,SMP,t-1,-1,1.8,1.8,
2019-02-01,SMP,t,0,1.3,1.3,0.0
2019-02-01,SMP,t+1,1,1.4,1.6,0.20000000000000018
2019-02-01,SMP,t+2,2,1.6,1.7,0.09999999999999987
2019-02-01,SMP,t+3,3,1.7,1.8,0.10000000000000009
2019-02-01,SMP,t+4,4,2.1,2.2,0.10000000000000009
2019-02-01,SMP,t+5,5,2.1,-0.3,-2.4
2019-02-01,SMP,t+6,6,2.1,0.7,-1.4000000000000001
2019-02-01,SMP,t+7,7,2.1,0.9,-1.2000000000000002
2019-02-01,SMP,t+8,8,2.2,1.1,-1.1
2019-02-01,SMP,t+9,9,2.2,3.8,1.5999999999999996
2019-02-01,SMP,t+10,10,,3.0,
2019-02-01,SMP,t+11,11,,3.5,
2019-05-01,SMP,t-12,-12,1.0,1.0,
2019-05-01,SMP,t-11,-11,1.3,1.3,
2019-05-01,SMP,t-10,-10,1.5,1.5,
2019-05-01,SMP,t-9,-9,2.1,2.1,
2019-05-01,SMP,t-8,-8,1.9,1.9,
2019-05-01,SMP,t-7,-7,1.8,1.8,
2019-05-01,SMP,t-6,-6,1.9,1.9,
2019-05-01,SMP,t-5,-5,1.9,1.9,
2019-05-01,SMP,t-4,-4,2.1,2.1,
2019-05-01,SMP,t-3,-3,1.9,1.9,
2019-05-01,SMP,t-2,-2,1.8,1.8,
2019-05-01,SMP,t-1,-1,1.3,1.3,
2019-05-01,SMP,t,0,1.7,1.6,-0.09999999999999987
2019-05-01,SMP,t+1,1,1.9,1.7,-0.19999999999999996
2019-05-01,SMP,t+2,2,1.9,1.8,-0.09999999999999987
2019-05-01,SMP,t+3,3,2.3,2.2,-0.09999999999999964
2019-05-01,SMP,t+4,4,2.0,-0.3,-2.3
2019-05-01,SMP,t+5,5,2.0,0.7,-1.3
2019-05-01,SMP,t+6,6,2.0,0.9,-1.1
2019-05-01,SMP,t+7,7,2.1,1.1,-1.0
2019-05-01,SMP,t+8,8,2.1,3.8,1.6999999999999997
2019-05-01,SMP,t+9,9,,3.0,
2019-05-01,SMP,t+10,10,,3.5,
2019-05-01,SMP,t+11,11,,5.1,
2019-08-01,SMP,t-12,-12,1.3,1.3,
2019-08-01,SMP,t-11,-11,1.5,1.5,
2019-08-01,SMP,t-10,-10,2.1,2.1,
2019-08-01,SMP,t-9,-9,1.9,1.9,
2019-08-01,SMP,t-8,-8,1.8,1.8,
2019-08-01,SMP,t-7,-7,1.9,1.9,
2019-08-01,SMP,t-6,-6,1.9,1.9,
2019-08-01,SMP,t-5,-5,2.1,2.1,
2019-08-01,SMP,t-4,-4,1.9,1.9,
2019-08-01,SMP,t-3,-3,1.8,1.8,
2019-08-01,SMP,t-2,-2,1.3,1.3,
2019-08-01,SMP,t-1,-1,1.6,1.6,
2019-08-01,SMP,t,0,1.7,1.7,0.0
2019-08-01,SMP,t+1,1,1.7,1.8,0.10000000000000009
2019-08-01,SMP,t+2,2,2.0,2.2,0.20000000000000018
2019-08-01,SMP,t+3,3,1.7,-0.3,-2.0
2019-08-01,SMP,t+4,4,1.8,0.7,-1.1
2019-08-01,SMP,t+5,5,1.9,0.9,-0.9999999999999999
2019-08-01,SMP,t+6,6,1.9,1.1,-0.7999999999999998
2019-08-01,SMP,t+7,7,2.0,3.8,1.7999999999999998
2019-08-01,SMP,t+8,8,2.0,3.0,1.0
2019-08-01,SMP,t+9,9,2.1,3.5,1.4
2019-08-01,SMP,t+10,10,,5.1,
2019-08-01,SMP,t+11,11,,6.1,
2019-11-01,SMP,t-12,-12,1.5,1.5,
2019-11-01,SMP,t-11,-11,2.1,2.1,
2019-11-01,SMP,t-10,-10,1.9,1.9,
2019-11-01,SMP,t-9,-9,1.8,1.8,
2019-11-01,SMP,t-8,-8,1.9,1.9,
2019-11-01,SMP,t-7,-7,1.9,1.9,
2019-11-01,SMP,t-6,-6,2.1,2.1,
2019-11-01,SMP,t-5,-5,1.9,1.9,
2019-11-01,SMP,t-4,-4,1.8,1.8,
2019-11-01,SMP,t-3,-3,1.3,1.3,
2019-11-01,SMP,t-2,-2,1.6,1.6,
2019-11-01,SMP,t-1,-1,1.7,1.7,
2019-11-01,SMP,t,0,1.9,1.8,-0.09999999999999987
2019-11-01,SMP,t+1,1,2.2,2.2,0.0
2019-11-01,SMP,t+2,2,1.9,-0.3,-2.1999999999999997
2019-11-01,SMP,t+3,3,2.1,0.7,-1.4000000000000001
2019-11-01,SMP,t+4,4,1.8,0.9,-0.9
2019-11-01,SMP,t+5,5,1.8,1.1,-0.7
2019-11-01,SMP,t+6,6,1.9,3.8,1.9
2019-11-01,SMP,t+7,7,1.9,3.0,1.1
2019-11-01,SMP,t+8,8,1.9,3.5,1.6
2019-11-01,SMP,t+9,9,,5.1,
2019-11-01,SMP,t+10,10,,6.1,
2019-11-01,SMP,t+11,11,,7.3,
2020-02-01,SMP,t-12,-12,2.1,2.1,
2020-02-01,SMP,t-11,-11,1.9,1.9,
2020-02-01,SMP,t-10,-10,1.8,1.8,
2020-02-01,SMP,t-9,-9,1.9,1.9,
2020-02-01,SMP,t-8,-8,1.9,1.9,
2020-02-01,SMP,t-7,-7,2.1,2.1,
2020-02-01,SMP,t-6,-6,1.9,1.9,
2020-02-01,SMP,t-5,-5,1.8,1.8,
2020-02-01,SMP,t-4,-4,1.3,1.3,
2020-02-01,SMP,t-3,-3,1.6,1.6,
2020-02-01,SMP,t-2,-2,1.7,1.7,
2020-02-01,SMP,t-1,-1,1.8,1.8,
2020-02-01,SMP,t,0,2.0,2.2,0.20000000000000018
2020-02-01,SMP,t+1,1,1.6,-0.3,-1.9000000000000001
2020-02-01,SMP,t+2,2,1.8,0.7,-1.1
2020-02-01,SMP,t+3,3,1.6,0.9,-0.7000000000000001
2020-02-01,SMP,t+4,4,1.9,1.1,-0.7999999999999998
2020-02-01,SMP,t+5,5,1.9,3.8,1.9
2020-02-01,SMP,t+6,6,1.9,3.0,1.1
2020-02-01,SMP,t+7,7,1.9,3.5,1.6
2020-02-01,SMP,t+8,8,1.9,5.1,3.1999999999999997
2020-02-01,SMP,t+9,9,2.0,6.1,4.1
2020-02-01,SMP,t+10,10,,7.3,
2020-02-01,SMP,t+11,11,,7.8,
2020-05-01,SMP,t-12,-12,1.9,1.9,
2020-05-01,SMP,t-11,-11,1.8,1.8,
2020-05-01,SMP,t-10,-10,1.9,1.9,
2020-05-01,SMP,t-9,-9,1.9,1.9,
2020-05-01,SMP,t-8,-8,2.1,2.1,
2020-05-01,SMP,t-7,-7,1.9,1.9,
2020-05-01,SMP,t-6,-6,1.8,1.8,
2020-05-01,SMP,t-5,-5,1.3,1.3,
2020-05-01,SMP,t-4,-4,1.6,1.6,
2020-05-01,SMP,t-3,-3,1.7,1.7,
2020-05-01,SMP,t-2,-2,1.8,1.8,
2020-05-01,SMP,t-1,-1,2.2,2.2,
2020-05-01,SMP,t,0,-0.9,-0.3,0.6000000000000001
2020-05-01,SMP,t+1,1,0.3,0.7,0.39999999999999997
2020-05-01,SMP,t+2,2,0.3,0.9,0.6000000000000001
2020-05-01,SMP,t+3,3,0.1,1.1,1.0
2020-05-01,SMP,t+4,4,2.7,3.8,1.0999999999999996
2020-05-01,SMP,t+5,5,1.4,3.0,1.6
2020-05-01,SMP,t+6,6,1.2,3.5,2.3
2020-05-01,SMP,t+7,7,1.3,5.1,3.8
2020-05-01,SMP,t+8,8,1.5,6.1,4.6
2020-05-01,SMP,t+9,9,,7.3,
2020-05-01,SMP,t+10,10,,7.8,
2020-05-01,SMP,t+11,11,,7.0,
2020-08-01,SMP,t-12,-12,1.8,1.8,
2020-08-01,SMP,t-11,-11,1.9,1.9,
2020-08-01,SMP,t-10,-10,1.9,1.9,
2020-08-01,SMP,t-9,-9,2.1,2.1,
2020-08-01,SMP,t-8,-8,1.9,1.9,
2020-08-01,SMP,t-7,-7,1.8,1.8,
2020-08-01,SMP,t-6,-6,1.3,1.3,
2020-08-01,SMP,t-5,-5,1.6,1.6,
2020-08-01,SMP,t-4,-4,1.7,1.7,
2020-08-01,SMP,t-3,-3,1.8,1.8,
2020-08-01,SMP,t-2,-2,2.2,2.2,
2020-08-01,SMP,t-1,-1,-0.3,-0.3,
2020-08-01,SMP,t,0,0.9,0.7,-0.20000000000000007
2020-08-01,SMP,t+1,1,1.2,0.9,-0.29999999999999993
2020-08-01,SMP,t+2,2,1.0,1.1,0.10000000000000009
2020-08-01,SMP,t+3,3,3.0,3.8,0.7999999999999998
2020-08-01,SMP,t+4,4,1.7,3.0,1.3
2020-08-01,SMP,t+5,5,1.0,3.5,2.5
2020-08-01,SMP,t+6,6,1.0,5.1,4.1
2020-08-01,SMP,t+7,7,1.1,6.1,5.0
2020-08-01,SMP,t+8,8,1.2,7.3,6.1
2020-08-01,SMP,t+9,9,1.4,7.8,6.4
2020-08-01,SMP,t+10,10,,7.0,
2020-08-01,SMP,t+11,11,,6.0,
2020-11-01,SMP,t-12,-12,1.9,1.9,
2020-11-01,SMP,t-11,-11,1.9,1.9,
2020-11-01,SMP,t-10,-10,2.1,2.1,
2020-11-01,SMP,t-9,-9,1.9,1.9,
2020-11-01,SMP,t-8,-8,1.8,1.8,
2020-11-01,SMP,t-7,-7,1.3,1.3,
2020-11-01,SMP,t-6,-6,1.6,1.6,
2020-11-01,SMP,t-5,-5,1.7,1.7,
2020-11-01,SMP,t-4,-4,1.8,1.8,
2020-11-01,SMP,t-3,-3,2.2,2.2,
2020-11-01,SMP,t-2,-2,-0.3,-0.3,
2020-11-01,SMP,t-1,-1,0.7,0.7,
2020-11-01,SMP,t,0,0.6,0.9,0.30000000000000004
2020-11-01,SMP,t+1,1,0.4,1.1,0.7000000000000001
2020-11-01,SMP,t+2,2,2.3,3.8,1.5
2020-11-01,SMP,t+3,3,1.3,3.0,1.7
2020-11-01,SMP,t+4,4,1.1,3.5,2.4
2020-11-01,SMP,t+5,5,1.1,5.1,3.9999999999999996
2020-11-01,SMP,t+6,6,1.2,6.1,4.8999999999999995
2020-11-01,SMP,t+7,7,1.3,7.3,6.0
2020-11-01,SMP,t+8,8,1.4,7.8,6.4
2020-11-01,SMP,t+9,9,,7.0,
2020-11-01,SMP,t+10,10,,6.0,
2020-11-01,SMP,t+11,11,,5.4,
2021-02-01,SMP,t-12,-12,1.9,1.9,
2021-02-01,SMP,t-11,-11,2.1,2.1,
2021-02-01,SMP,t-10,-10,1.9,1.9,
2021-02-01,SMP,t-9,-9,1.8,1.8,
2021-02-01,SMP,t-8,-8,1.3,1.3,
2021-02-01,SMP,t-7,-7,1.6,1.6,
2021-02-01,SMP,t-6,-6,1.7,1.7,
2021-02-01,SMP,t-5,-5,1.8,1.8,
2021-02-01,SMP,t-4,-4,2.2,2.2,
2021-02-01,SMP,t-3,-3,-0.3,-0.3,
2021-02-01,SMP,t-2,-2,0.7,0.7,
2021-02-01,SMP,t-1,-1,0.9,0.9,
2021-02-01,SMP,t,0,1.0,1.1,0.10000000000000009
2021-02-01,SMP,t+1,1,3.1,3.8,0.6999999999999997
2021-02-01,SMP,t+2,2,2.0,3.0,1.0
2021-02-01,SMP,t+3,3,1.6,3.5,1.9
2021-02-01,SMP,t+4,4,1.3,5.1,3.8
2021-02-01,SMP,t+5,5,1.4,6.1,4.699999999999999
2021-02-01,SMP,t+6,6,1.5,7.3,5.8
2021-02-01,SMP,t+7,7,1.5,7.8,6.3
2021-02-01,SMP,t+8,8,1.6,7.0,5.4
2021-02-01,SMP,t+9,9,1.6,6.0,4.4
2021-02-01,SMP,t+10,10,,5.4,
2021-02-01,SMP,t+11,11,,4.1,
2021-05-01,SMP,t-12,-12,2.1,2.1,
2021-05-01,SMP,t-11,-11,1.9,1.9,
2021-05-01,SMP,t-10,-10,1.8,1.8,
2021-05-01,SMP,t-9,-9,1.3,1.3,
2021-05-01,SMP,t-8,-8,1.6,1.6,
2021-05-01,SMP,t-7,-7,1.7,1.7,
2021-05-01,SMP,t-6,-6,1.8,1.8,
2021-05-01,SMP,t-5,-5,2.2,2.2,
2021-05-01,SMP,t-4,-4,-0.3,-0.3,
2021-05-01,SMP,t-3,-3,0.7,0.7,
2021-05-01,SMP,t-2,-2,0.9,0.9,
2021-05-01,SMP,t-1,-1,1.1,1.1,
2021-05-01,SMP,t,0,3.4,3.8,0.3999999999999999
2021-05-01,SMP,t+1,1,2.2,3.0,0.7999999999999998
2021-05-01,SMP,t+2,2,1.8,3.5,1.7
2021-05-01,SMP,t+3,3,1.4,5.1,3.6999999999999997
2021-05-01,SMP,t+4,4,1.3,6.1,4.8
2021-05-01,SMP,t+5,5,1.5,7.3,5.8
2021-05-01,SMP,t+6,6,1.6,7.8,6.199999999999999
2021-05-01,SMP,t+7,7,1.7,7.0,5.3
2021-05-01,SMP,t+8,8,1.9,6.0,4.1
2021-05-01,SMP,t+9,9,,5.4,
2021-05-01,SMP,t+10,10,,4.1,
2021-05-01,SMP,t+11,11,,3.6,
2021-08-01,SMP,t-12,-12,1.9,1.9,
2021-08-01,SMP,t-11,-11,1.8,1.8,
2021-08-01,SMP,t-10,-10,1.3,1.3,
2021-08-01,SMP,t-9,-9,1.6,1.6,
2021-08-01,SMP,t-8,-8,1.7,1.7,
2021-08-01,SMP,t-7,-7,1.8,1.8,
2021-08-01,SMP,t-6,-6,2.2,2.2,
2021-08-01,SMP,t-5,-5,-0.3,-0.3,
2021-08-01,SMP,t-4,-4,0.7,0.7,
2021-08-01,SMP,t-3,-3,0.9,0.9,
2021-08-01,SMP,t-2,-2,1.1,1.1,
2021-08-01,SMP,t-1,-1,3.8,3.8,
2021-08-01,SMP,t,0,2.9,3.0,0.10000000000000009
2021-08-01,SMP,t+1,1,2.5,3.5,1.0
2021-08-01,SMP,t+2,2,2.2,5.1,2.8999999999999995
2021-08-01,SMP,t+3,3,1.6,6.1,4.5
2021-08-01,SMP,t+4,4,1.5,7.3,5.8
2021-08-01,SMP,t+5,5,1.7,7.8,6.1
2021-08-01,SMP,t+6,6,1.8,7.0,5.2
2021-08-01,SMP,t+7,7,2.0,6.0,4.0
2021-08-01,SMP,t+8,8,2.1,5.4,3.3000000000000003
2021-08-01,SMP,t+9,9,2.1,4.1,1.9999999999999996
2021-08-01,SMP,t+10,10,,3.6,
2021-08-01,SMP,t+11,11,,3.8,
2021-11-01,SMP,t-12,-12,1.8,1.8,
2021-11-01,SMP,t-11,-11,1.3,1.3,
2021-11-01,SMP,t-10,-10,1.6,1.6,
2021-11-01,SMP,t-9,-9,1.7,1.7,
2021-11-01,SMP,t-8,-8,1.8,1.8,
2021-11-01,SMP,t-7,-7,2.2,2.2,
2021-11-01,SMP,t-6,-6,-0.3,-0.3,
2021-11-01,SMP,t-5,-5,0.7,0.7,
2021-11-01,SMP,t-4,-4,0.9,0.9,
2021-11-01,SMP,t-3,-3,1.1,1.1,
2021-11-01,SMP,t-2,-2,3.8,3.8,
2021-11-01,SMP,t-1,-1,3.0,3.0,
2021-11-01,SMP,t,0,3.2,3.5,0.2999999999999998
2021-11-01,SMP,t+1,1,3.0,5.1,2.0999999999999996
2021-11-01,SMP,t+2,2,2.7,6.1,3.3999999999999995
2021-11-01,SMP,t+3,3,2.6,7.3,4.699999999999999
2021-11-01,SMP,t+4,4,2.3,7.8,5.5
2021-11-01,SMP,t+5,5,2.3,7.0,4.7
2021-11-01,SMP,t+6,6,2.3,6.0,3.7
2021-11-01,SMP,t+7,7,2.4,5.4,3.0000000000000004
2021-11-01,SMP,t+8,8,2.4,4.1,1.6999999999999997
2021-11-01,SMP,t+9,9,,3.6,
2021-11-01,SMP,t+10,10,,3.8,
2021-11-01,SMP,t+11,11,,2.8,
2022-02-01,SMP,t-12,-12,1.3,1.3,
2022-02-01,SMP,t-11,-11,1.6,1.6,
2022-02-01,SMP,t-10,-10,1.7,1.7,
2022-02-01,SMP,t-9,-9,1.8,1.8,
2022-02-01,SMP,t-8,-8,2.2,2.2,
2022-02-01,SMP,t-7,-7,-0.3,-0.3,
2022-02-01,SMP,t-6,-6,0.7,0.7,
2022-02-01,SMP,t-5,-5,0.9,0.9,
2022-02-01,SMP,t-4,-4,1.1,1.1,
2022-02-01,SMP,t-3,-3,3.8,3.8,
2022-02-01,SMP,t-2,-2,3.0,3.0,
2022-02-01,SMP,t-1,-1,3.5,3.5,
2022-02-01,SMP,t,0,3.8,5.1,1.2999999999999998
2022-02-01,SMP,t+1,1,3.7,6.1,2.3999999999999995
2022-02-01,SMP,t+2,2,3.8,7.3,3.5
2022-02-01,SMP,t+3,3,3.2,7.8,4.6
2022-02-01,SMP,t+4,4,2.8,7.0,4.2
2022-02-01,SMP,t+5,5,2.7,6.0,3.3
2022-02-01,SMP,t+6,6,2.7,5.4,2.7
2022-02-01,SMP,t+7,7,2.7,4.1,1.3999999999999995
2022-02-01,SMP,t+8,8,2.8,3.6,0.8000000000000003
2022-02-01,SMP,t+9,9,2.8,3.8,1.0
2022-02-01,SMP,t+10,10,,2.8,
2022-02-01,SMP,t+11,11,,2.4,
2022-05-01,SMP,t-12,-12,1.6,1.6,
2022-05-01,SMP,t-11,-11,1.7,1.7,
2022-05-01,SMP,t-10,-10,1.8,1.8,
2022-05-01,SMP,t-9,-9,2.2,2.2,
2022-05-01,SMP,t-8,-8,-0.3,-0.3,
2022-05-01,SMP,t-7,-7,0.7,0.7,
2022-05-01,SMP,t-6,-6,0.9,0.9,
2022-05-01,SMP,t-5,-5,1.1,1.1,
2022-05-01,SMP,t-4,-4,3.8,3.8,
2022-05-01,SMP,t-3,-3,3.0,3.0,
2022-05-01,SMP,t-2,-2,3.5,3.5,
2022-05-01,SMP,t-1,-1,5.1,5.1,
2022-05-01,SMP,t,0,5.5,6.1,0.5999999999999996
2022-05-01,SMP,t+1,1,5.8,7.3,1.5
2022-05-01,SMP,t+2,2,5.9,7.8,1.8999999999999995
2022-05-01,SMP,t+3,3,4.7,7.0,2.3
2022-05-01,SMP,t+4,4,4.3,6.0,1.7000000000000002
2022-05-01,SMP,t+5,5,3.9,5.4,1.5000000000000004
2022-05-01,SMP,t+6,6,3.1,4.1,0.9999999999999996
2022-05-01,SMP,t+7,7,3.0,3.6,0.6000000000000001
2022-05-01,SMP,t+8,8,2.9,3.8,0.8999999999999999
2022-05-01,SMP,t+9,9,,2.8,
2022-05-01,SMP,t+10,10,,2.4,
2022-05-01,SMP,t+11,11,,2.4,
2022-08-01,SMP,t-12,-12,1.7,1.7,
2022-08-01,SMP,t-11,-11,1.8,1.8,
2022-08-01,SMP,t-10,-10,2.2,2.2,
2022-08-01,SMP,t-9,-9,-0.3,-0.3,
2022-08-01,SMP,t-8,-8,0.7,0.7,
2022-08-01,SMP,t-7,-7,0.9,0.9,
2022-08-01,SMP,t-6,-6,1.1,1.1,
2022-08-01,SMP,t-5,-5,3.8,3.8,
2022-08-01,SMP,t-4,-4,3.0,3.0,
2022-08-01,SMP,t-3,-3,3.5,3.5,
2022-08-01,SMP,t-2,-2,5.1,5.1,
2022-08-01,SMP,t-1,-1,6.1,6.1,
2022-08-01,SMP,t,0,7.3,7.3,0.0
2022-08-01,SMP,t+1,1,7.8,7.8,0.0
2022-08-01,SMP,t+2,2,7.2,7.0,-0.20000000000000018
2022-08-01,SMP,t+3,3,6.2,6.0,-0.20000000000000018
2022-08-01,SMP,t+4,4,5.4,5.4,0.0
2022-08-01,SMP,t+5,5,4.3,4.1,-0.20000000000000018
2022-08-01,SMP,t+6,6,3.7,3.6,-0.10000000000000009
2022-08-01,SMP,t+7,7,3.5,3.8,0.2999999999999998
2022-08-01,SMP,t+8,8,3.1,2.8,-0.30000000000000027
2022-08-01,SMP,t+9,9,3.0,2.4,-0.6000000000000001
2022-08-01,SMP,t+10,10,,2.4,
2022-08-01,SMP,t+11,11,,2.1,
2022-11-01,SMP,t-12,-12,1.8,1.8,
2022-11-01,SMP,t-11,-11,2.2,2.2,
2022-11-01,SMP,t-10,-10,-0.3,-0.3,
2022-11-01,SMP,t-9,-9,0.7,0.7,
2022-11-01,SMP,t-8,-8,0.9,0.9,
2022-11-01,SMP,t-7,-7,1.1,1.1,
2022-11-01,SMP,t-6,-6,3.8,3.8,
2022-11-01,SMP,t-5,-5,3.0,3.0,
2022-11-01,SMP,t-4,-4,3.5,3.5,
2022-11-01,SMP,t-3,-3,5.1,5.1,
2022-11-01,SMP,t-2,-2,6.1,6.1,
2022-11-01,SMP,t-1,-1,7.3,7.3,
2022-11-01,SMP,t,0,8.0,7.8,-0.20000000000000018
2022-11-01,SMP,t+1,1,7.3,7.0,-0.2999999999999998
2022-11-01,SMP,t+2,2,6.3,6.0,-0.2999999999999998
2022-11-01,SMP,t+3,3,6.1,5.4,-0.6999999999999993
2022-11-01,SMP,t+4,4,4.7,4.1,-0.6000000000000005
2022-11-01,SMP,t+5,5,4.3,3.6,-0.6999999999999997
2022-11-01,SMP,t+6,6,4.2,3.8,-0.40000000000000036
2022-11-01,SMP,t+7,7,3.3,2.8,-0.5
2022-11-01,SMP,t+8,8,3.2,2.4,-0.8000000000000003
2022-11-01,SMP,t+9,9,,2.4,
2022-11-01,SMP,t+10,10,,2.1,
2022-11-01,SMP,t+11,11,,3.2,
2023-02-01,SMP,t-12,-12,2.2,2.2,
2023-02-01,SMP,t-11,-11,-0.3,-0.3,
2023-02-01,SMP,t-10,-10,0.7,0.7,
2023-02-01,SMP,t-9,-9,0.9,0.9,
2023-02-01,SMP,t-8,-8,1.1,1.1,
2023-02-01,SMP,t-7,-7,3.8,3.8,
2023-02-01,SMP,t-6,-6,3.0,3.0,
2023-02-01,SMP,t-5,-5,3.5,3.5,
2023-02-01,SMP,t-4,-4,5.1,5.1,
2023-02-01,SMP,t-3,-3,6.1,6.1,
2023-02-01,SMP,t-2,-2,7.3,7.3,
2023-02-01,SMP,t-1,-1,7.8,7.8,
2023-02-01,SMP,t,0,7.5,7.0,-0.5
2023-02-01,SMP,t+1,1,6.7,6.0,-0.7000000000000002
2023-02-01,SMP,t+2,2,6.0,5.4,-0.5999999999999996
2023-02-01,SMP,t+3,3,4.8,4.1,-0.7000000000000002
2023-02-01,SMP,t+4,4,3.9,3.6,-0.2999999999999998
2023-02-01,SMP,t+5,5,3.6,3.8,0.19999999999999973
2023-02-01,SMP,t+6,6,3.3,2.8,-0.5
2023-02-01,SMP,t+7,7,3.2,2.4,-0.8000000000000003
2023-02-01,SMP,t+8,8,3.1,2.4,-0.7000000000000002
2023-02-01,SMP,t+9,9,3.0,2.1,-0.8999999999999999
2023-02-01,SMP,t+10,10,,3.2,
2023-02-01,SMP,t+11,11,,3.6,
2023-05-01,SMP,t-12,-12,-0.3,-0.3,
2023-05-01,SMP,t-11,-11,0.7,0.7,
2023-05-01,SMP,t-10,-10,0.9,0.9,
2023-05-01,SMP,t-9,-9,1.1,1.1,
2023-05-01,SMP,t-8,-8,3.8,3.8,
2023-05-01,SMP,t-7,-7,3.0,3.0,
2023-05-01,SMP,t-6,-6,3.5,3.5,
2023-05-01,SMP,t-5,-5,5.1,5.1,
2023-05-01,SMP,t-4,-4,6.1,6.1,
2023-05-01,SMP,t-3,-3,7.3,7.3,
2023-05-01,SMP,t-2,-2,7.8,7.8,
2023-05-01,SMP,t-1,-1,7.0,7.0,
2023-05-01,SMP,t,0,6.3,6.0,-0.2999999999999998
2023-05-01,SMP,t+1,1,5.6,5.4,-0.1999999999999993
2023-05-01,SMP,t+2,2,4.5,4.1,-0.40000000000000036
2023-05-01,SMP,t+3,3,4.1,3.6,-0.49999999999999956
2023-05-01,SMP,t+4,4,3.6,3.8,0.19999999999999973
2023-05-01,SMP,t+5,5,3.3,2.8,-0.5
2023-05-01,SMP,t+6,6,3.2,2.4,-0.8000000000000003
2023-05-01,SMP,t+7,7,3.1,2.4,-0.7000000000000002
2023-05-01,SMP,t+8,8,3.0,2.1,-0.8999999999999999
2023-05-01,SMP,t+9,9,,3.2,
2023-05-01,SMP,t+10,10,,3.6,
2023-05-01,SMP,t+11,11,,,
2023-08-01,SMP,t-12,-12,0.7,0.7,
2023-08-01,SMP,t-11,-11,0.9,0.9,
2023-08-01,SMP,t-10,-10,1.1,1.1,
2023-08-01,SMP,t-9,-9,3.8,3.8,
2023-08-01,SMP,t-8,-8,3.0,3.0,
2023-08-01,SMP,t-7,-7,3.5,3.5,
2023-08-01,SMP,t-6,-6,5.1,5.1,
2023-08-01,SMP,t-5,-5,6.1,6.1,
2023-08-01,SMP,t-4,-4,7.3,7.3,
2023-08-01,SMP,t-3,-3,7.8,7.8,
2023-08-01,SMP,t-2,-2,7.0,7.0,
2023-08-01,SMP,t-1,-1,6.0,6.0,
2023-08-01,SMP,t,0,5.3,5.4,0.10000000000000053
2023-08-01,SMP,t+1,1,4.1,4.1,0.0
2023-08-01,SMP,t+2,2,3.7,3.6,-0.10000000000000009
2023-08-01,SMP,t+3,3,3.6,3.8,0.19999999999999973
2023-08-01,SMP,t+4,4,3.4,2.8,-0.6000000000000001
2023-08-01,SMP,t+5,5,3.3,2.4,-0.8999999999999999
2023-08-01,SMP,t+6,6,3.2,2.4,-0.8000000000000003
2023-08-01,SMP,t+7,7,3.1,2.1,-1.0
2023-08-01,SMP,t+8,8,2.8,3.2,0.40000000000000036
2023-08-01,SMP,t+9,9,2.8,3.6,0.8000000000000003
2023-08-01,SMP,t+10,10,,,
2023-08-01,SMP,t+11,11,,,
2023-11-01,SMP,t-12,-12,0.9,0.9,
2023-11-01,SMP,t-11,-11,1.1,1.1,
2023-11-01,SMP,t-10,-10,3.8,3.8,
2023-11-01,SMP,t-9,-9,3.0,3.0,
2023-11-01,SMP,t-8,-8,3.5,3.5,
2023-11-01,SMP,t-7,-7,5.1,5.1,
2023-11-01,SMP,t-6,-6,6.1,6.1,
2023-11-01,SMP,t-5,-5,7.3,7.3,
2023-11-01,SMP,t-4,-4,7.8,7.8,
2023-11-01,SMP,t-3,-3,7.0,7.0,
2023-11-01,SMP,t-2,-2,6.0,6.0,
2023-11-01,SMP,t-1,-1,5.4,5.4,
2023-11-01,SMP,t,0,4.5,4.1,-0.40000000000000036
2023-11-01,SMP,t+1,1,4.0,3.6,-0.3999999999999999
2023-11-01,SMP,t+2,2,3.9,3.8,-0.10000000000000009
2023-11-01,SMP,t+3,3,3.8,2.8,-1.0
2023-11-01,SMP,t+4,4,3.5,2.4,-1.1
2023-11-01,SMP,t+5,5,3.4,2.4,-1.0
2023-11-01,SMP,t+6,6,3.3,2.1,-1.1999999999999997
2023-11-01,SMP,t+7,7,3.0,3.2,0.20000000000000018
2023-11-01,SMP,t+8,8,2.9,3.6,0.7000000000000002
2023-11-01,SMP,t+9,9,,,
2023-11-01,SMP,t+10,10,,,
2023-11-01,SMP,t+11,11,,,
2024-02-01,SMP,t-12,-12,1.1,1.1,
2024-02-01,SMP,t-11,-11,3.8,3.8,
2024-02-01,SMP,t-10,-10,3.0,3.0,
2024-02-01,SMP,t-9,-9,3.5,3.5,
2024-02-01,SMP,t-8,-8,5.1,5.1,
2024-02-01,SMP,t-7,-7,6.1,6.1,
2024-02-01,SMP,t-6,-6,7.3,7.3,
2024-02-01,SMP,t-5,-5,7.8,7.8,
2024-02-01,SMP,t-4,-4,7.0,7.0,
2024-02-01,SMP,t-3,-3,6.0,6.0,
2024-02-01,SMP,t-2,-2,5.4,5.4,
2024-02-01,SMP,t-1,-1,4.1,4.1,
2024-02-01,SMP,t,0,3.4,3.6,0.20000000000000018
2024-02-01,SMP,t+1,1,3.3,3.8,0.5
2024-02-01,SMP,t+2,2,3.1,2.8,-0.30000000000000027
2024-02-01,SMP,t+3,3,3.2,2.4,-0.8000000000000003
2024-02-01,SMP,t+4,4,3.2,2.4,-0.8000000000000003
2024-02-01,SMP,t+5,5,3.1,2.1,-1.0
2024-02-01,SMP,t+6,6,2.9,3.2,0.30000000000000027
2024-02-01,SMP,t+7,7,2.8,3.6,0.8000000000000003
2024-02-01,SMP,t+8,8,2.7,,
2024-02-01,SMP,t+9,9,2.6,,
2024-02-01,SMP,t+10,10,,,
2024-02-01,SMP,t+11,11,,,
2024-05-01,SMP,t-12,-12,3.8,3.8,
2024-05-01,SMP,t-11,-11,3.0,3.0,
2024-05-01,SMP,t-10,-10,3.5,3.5,
2024-05-01,SMP,t-9,-9,5.1,5.1,
2024-05-01,SMP,t-8,-8,6.1,6.1,
2024-05-01,SMP,t-7,-7,7.3,7.3,
2024-05-01,SMP,t-6,-6,7.8,7.8,
2024-05-01,SMP,t-5,-5,7.0,7.0,
2024-05-01,SMP,t-4,-4,6.0,6.0,
2024-05-01,SMP,t-3,-3,5.4,5.4,
2024-05-01,SMP,t-2,-2,4.1,4.1,
2024-05-01,SMP,t-1,-1,3.6,3.6,
2024-05-01,SMP,t,0,3.8,3.8,0.0
2024-05-01,SMP,t+1,1,3.8,2.8,-1.0
2024-05-01,SMP,t+2,2,3.8,2.4,-1.4
2024-05-01,SMP,t+3,3,3.7,2.4,-1.3000000000000003
2024-05-01,SMP,t+4,4,3.2,2.1,-1.1
2024-05-01,SMP,t+5,5,2.9,3.2,0.30000000000000027
2024-05-01,SMP,t+6,6,2.8,3.6,0.8000000000000003
2024-05-01,SMP,t+7,7,2.7,,
2024-05-01,SMP,t+8,8,2.6,,
2024-05-01,SMP,t+9,9,,,
2024-05-01,SMP,t+10,10,,,
2024-05-01,SMP,t+11,11,,,
2024-08-01,SMP,t-12,-12,3.0,3.0,
2024-08-01,SMP,t-11,-11,3.5,3.5,
2024-08-01,SMP,t-10,-10,5.1,5.1,
2024-08-01,SMP,t-9,-9,6.1,6.1,
2024-08-01,SMP,t-8,-8,7.3,7.3,
2024-08-01,SMP,t-7,-7,7.8,7.8,
2024-08-01,SMP,t-6,-6,7.0,7.0,
2024-08-01,SMP,t-5,-5,6.0,6.0,
2024-08-01,SMP,t-4,-4,5.4,5.4,
2024-08-01,SMP,t-3,-3,4.1,4.1,
2024-08-01,SMP,t-2,-2,3.6,3.6,
2024-08-01,SMP,t-1,-1,3.8,3.8,
2024-08-01,SMP,t,0,2.8,2.8,0.0
2024-08-01,SMP,t+1,1,3.0,2.4,-0.6000000000000001
2024-08-01,SMP,t+2,2,3.0,2.4,-0.6000000000000001
2024-08-01,SMP,t+3,3,2.8,2.1,-0.6999999999999997
2024-08-01,SMP,t+4,4,3.9,3.2,-0.6999999999999997
2024-08-01,SMP,t+5,5,3.7,3.6,-0.10000000000000009
2024-08-01,SMP,t+6,6,3.4,,
2024-08-01,SMP,t+7,7,3.2,,
2024-08-01,SMP,t+8,8,2.8,,
2024-08-01,SMP,t+9,9,2.6,,
2024-08-01,SMP,t+10,10,,,
2024-08-01,SMP,t+11,11,,,
2024-11-01,SMP,t-12,-12,3.5,3.5,
2024-11-01,SMP,t-11,-11,5.1,5.1,
2024-11-01,SMP,t-10,-10,6.1,6.1,
2024-11-01,SMP,t-9,-9,7.3,7.3,
2024-11-01,SMP,t-8,-8,7.8,7.8,
2024-11-01,SMP,t-7,-7,7.0,7.0,
2024-11-01,SMP,t-6,-6,6.0,6.0,
2024-11-01,SMP,t-5,-5,5.4,5.4,
2024-11-01,SMP,t-4,-4,4.1,4.1,
2024-11-01,SMP,t-3,-3,3.6,3.6,
2024-11-01,SMP,t-2,-2,3.8,3.8,
2024-11-01,SMP,t-1,-1,2.8,2.8,
2024-11-01,SMP,t,0,2.6,2.4,-0.20000000000000018
2024-11-01,SMP,t+1,1,2.6,2.4,-0.20000000000000018
2024-11-01,SMP,t+2,2,2.5,2.1,-0.3999999999999999
2024-11-01,SMP,t+3,3,3.4,3.2,-0.19999999999999973
2024-11-01,SMP,t+4,4,3.7,3.6,-0.10000000000000009
2024-11-01,SMP,t+5,5,3.3,,
2024-11-01,SMP,t+6,6,3.1,,
2024-11-01,SMP,t+7,7,2.7,,
2024-11-01,SMP,t+8,8,2.5,,
2024-11-01,SMP,t+9,9,,,
2024-11-01,SMP,t+10,10,,,
2024-11-01,SMP,t+11,11,,,
2025-02-01,SMP,t-12,-12,5.1,5.1,
2025-02-01,SMP,t-11,-11,6.1,6.1,
2025-02-01,SMP,t-10,-10,7.3,7.3,
2025-02-01,SMP,t-9,-9,7.8,7.8,
2025-02-01,SMP,t-8,-8,7.0,7.0,
2025-02-01,SMP,t-7,-7,6.0,6.0,
2025-02-01,SMP,t-6,-6,5.4,5.4,
2025-02-01,SMP,t-5,-5,4.1,4.1,
2025-02-01,SMP,t-4,-4,3.6,3.6,
2025-02-01,SMP,t-3,-3,3.8,3.8,
2025-02-01,SMP,t-2,-2,2.8,2.8,
2025-02-01,SMP,t-1,-1,2.4,2.4,
2025-02-01,SMP,t,0,2.5,2.4,-0.10000000000000009
2025-02-01,SMP,t+1,1,2.4,2.1,-0.2999999999999998
2025-02-01,SMP,t+2,2,3.3,3.2,-0.09999999999999964
2025-02-01,SMP,t+3,3,3.7,3.6,-0.10000000000000009
2025-02-01,SMP,t+4,4,3.3,,
2025-02-01,SMP,t+5,5,3.2,,
2025-02-01,SMP,t+6,6,2.8,,
2025-02-01,SMP,t+7,7,2.8,,
2025-02-01,SMP,t+8,8,2.7,,
2025-02-01,SMP,t+9,9,2.7,,
2025-02-01,SMP,t+10,10,,,
2025-02-01,SMP,t+11,11,,,
